74,192.168.3.100,192.168.13.2
74,192.168.13.2,192.168.3.100
66,192.168.3.100,192.168.13.2
299,192.168.3.100,192.168.13.2
66,192.168.13.2,192.168.3.100
826,192.168.13.2,192.168.3.100
66,192.168.3.100,192.168.13.2
192,192.168.3.100,192.168.13.2
117,192.168.13.2,192.168.3.100
104,192.168.3.100,192.168.13.2
1514,192.168.13.2,192.168.3.100
145,192.168.13.2,192.168.3.100
66,192.168.3.100,192.168.13.2
609,192.168.3.100,192.168.13.2
66,192.168.13.2,192.168.3.100
609,192.168.3.100,192.168.13.2
66,192.168.13.2,192.168.3.100
609,192.168.13.2,192.168.3.100
609,192.168.3.100,192.168.13.2
609,192.168.13.2,192.168.3.100
609,192.168.3.100,192.168.13.2
609,192.168.13.2,192.168.3.100
609,192.168.3.100,192.168.13.2
609,192.168.13.2,192.168.3.100
609,192.168.3.100,192.168.13.2
609,192.168.13.2,192.168.3.100
1514,192.168.13.2,192.168.3.100
1514,192.168.13.2,192.168.3.100
66,192.168.3.100,192.168.13.2
1514,192.168.13.2,192.168.3.100
1514,192.168.13.2,192.168.3.100
66,192.168.3.100,192.168.13.2
73,192.168.13.2,192.168.3.100
1514,192.168.13.2,192.168.3.100
1514,192.168.13.2,192.168.3.100
66,192.168.3.100,192.168.13.2
1427,192.168.13.2,192.168.3.100
66,192.168.3.100,192.168.13.2
1514,192.168.13.2,192.168.3.100
1514,192.168.13.2,192.168.3.100
66,192.168.3.100,192.168.13.2
341,192.168.13.2,192.168.3.100
1514,192.168.13.2,192.168.3.100
66,192.168.3.100,192.168.13.2
1514,192.168.13.2,192.168.3.100
341,192.168.13.2,192.168.3.100
66,192.168.3.100,192.168.13.2
1514,192.168.13.2,192.168.3.100
1514,192.168.13.2,192.168.3.100
66,192.168.3.100,192.168.13.2
341,192.168.13.2,192.168.3.100
1514,192.168.13.2,192.168.3.100
66,192.168.3.100,192.168.13.2
1514,192.168.13.2,192.168.3.100
341,192.168.13.2,192.168.3.100
66,192.168.3.100,192.168.13.2
1514,192.168.13.2,192.168.3.100
1514,192.168.13.2,192.168.3.100
66,192.168.3.100,192.168.13.2
341,192.168.13.2,192.168.3.100
1514,192.168.13.2,192.168.3.100
1514,192.168.13.2,192.168.3.100
609,192.168.3.100,192.168.13.2
66,192.168.3.100,192.168.13.2
312,192.168.13.2,192.168.3.100
1514,192.168.13.2,192.168.3.100
1514,192.168.13.2,192.168.3.100
66,192.168.3.100,192.168.13.2
312,192.168.13.2,192.168.3.100
1514,192.168.13.2,192.168.3.100
1514,192.168.13.2,192.168.3.100
66,192.168.3.100,192.168.13.2
312,192.168.13.2,192.168.3.100
1514,192.168.13.2,192.168.3.100
1514,192.168.13.2,192.168.3.100
66,192.168.3.100,192.168.13.2
1514,192.168.13.2,192.168.3.100
978,192.168.13.2,192.168.3.100
66,192.168.3.100,192.168.13.2
1152,192.168.13.2,192.168.3.100
1514,192.168.13.2,192.168.3.100
1514,192.168.13.2,192.168.3.100
66,192.168.3.100,192.168.13.2
312,192.168.13.2,192.168.3.100
1514,192.168.13.2,192.168.3.100
1514,192.168.13.2,192.168.3.100
66,192.168.3.100,192.168.13.2
312,192.168.13.2,192.168.3.100
1514,192.168.13.2,192.168.3.100
1514,192.168.13.2,192.168.3.100
66,192.168.3.100,192.168.13.2
1514,192.168.13.2,192.168.3.100
1514,192.168.13.2,192.168.3.100
66,192.168.3.100,192.168.13.2
587,192.168.13.2,192.168.3.100
1514,192.168.13.2,192.168.3.100
1514,192.168.13.2,192.168.3.100
609,192.168.3.100,192.168.13.2
66,192.168.3.100,192.168.13.2
1398,192.168.13.2,192.168.3.100
609,192.168.3.100,192.168.13.2
66,192.168.13.2,192.168.3.100
609,192.168.3.100,192.168.13.2
66,192.168.13.2,192.168.3.100
609,192.168.13.2,192.168.3.100
66,192.168.3.100,192.168.13.2
609,192.168.13.2,192.168.3.100
66,192.168.3.100,192.168.13.2
609,192.168.3.100,192.168.13.2
609,192.168.13.2,192.168.3.100
66,192.168.3.100,192.168.13.2
609,192.168.13.2,192.168.3.100
66,192.168.3.100,192.168.13.2
609,192.168.13.2,192.168.3.100
66,192.168.3.100,192.168.13.2
609,192.168.3.100,192.168.13.2
609,192.168.13.2,192.168.3.100
1514,192.168.13.2,192.168.3.100
1514,192.168.13.2,192.168.3.100
66,192.168.3.100,192.168.13.2
1514,192.168.13.2,192.168.3.100
1514,192.168.13.2,192.168.3.100
66,192.168.3.100,192.168.13.2
73,192.168.13.2,192.168.3.100
1514,192.168.13.2,192.168.3.100
1514,192.168.13.2,192.168.3.100
66,192.168.3.100,192.168.13.2
1427,192.168.13.2,192.168.3.100
66,192.168.3.100,192.168.13.2
609,192.168.13.2,192.168.3.100
1514,192.168.13.2,192.168.3.100
66,192.168.3.100,192.168.13.2
1514,192.168.13.2,192.168.3.100
1514,192.168.13.2,192.168.3.100
1463,192.168.13.2,192.168.3.100
66,192.168.3.100,192.168.13.2
1514,192.168.13.2,192.168.3.100
66,192.168.3.100,192.168.13.2
1514,192.168.13.2,192.168.3.100
609,192.168.3.100,192.168.13.2
341,192.168.13.2,192.168.3.100
1514,192.168.13.2,192.168.3.100
1514,192.168.13.2,192.168.3.100
66,192.168.3.100,192.168.13.2
1369,192.168.13.2,192.168.3.100
66,192.168.3.100,192.168.13.2
609,192.168.3.100,192.168.13.2
609,192.168.13.2,192.168.3.100
1514,192.168.13.2,192.168.3.100
1514,192.168.13.2,192.168.3.100
66,192.168.3.100,192.168.13.2
1514,192.168.13.2,192.168.3.100
1514,192.168.13.2,192.168.3.100
66,192.168.3.100,192.168.13.2
616,192.168.13.2,192.168.3.100
1514,192.168.13.2,192.168.3.100
1514,192.168.13.2,192.168.3.100
66,192.168.3.100,192.168.13.2
1514,192.168.13.2,192.168.3.100
1514,192.168.13.2,192.168.3.100
66,192.168.3.100,192.168.13.2
1130,192.168.13.2,192.168.3.100
1514,192.168.13.2,192.168.3.100
66,192.168.3.100,192.168.13.2
1514,192.168.13.2,192.168.3.100
370,192.168.13.2,192.168.3.100
1514,192.168.13.2,192.168.3.100
1514,192.168.13.2,192.168.3.100
66,192.168.3.100,192.168.13.2
66,192.168.3.100,192.168.13.2
1514,192.168.13.2,192.168.3.100
978,192.168.13.2,192.168.3.100
66,192.168.3.100,192.168.13.2
609,192.168.3.100,192.168.13.2
609,192.168.13.2,192.168.3.100
609,192.168.3.100,192.168.13.2
609,192.168.13.2,192.168.3.100
609,192.168.3.100,192.168.13.2
609,192.168.13.2,192.168.3.100
1514,192.168.13.2,192.168.3.100
1514,192.168.13.2,192.168.3.100
66,192.168.3.100,192.168.13.2
1514,192.168.13.2,192.168.3.100
1514,192.168.13.2,192.168.3.100
66,192.168.3.100,192.168.13.2
587,192.168.13.2,192.168.3.100
1514,192.168.13.2,192.168.3.100
1514,192.168.13.2,192.168.3.100
66,192.168.3.100,192.168.13.2
1514,192.168.13.2,192.168.3.100
1514,192.168.13.2,192.168.3.100
66,192.168.3.100,192.168.13.2
1101,192.168.13.2,192.168.3.100
1514,192.168.13.2,192.168.3.100
1514,192.168.13.2,192.168.3.100
66,192.168.3.100,192.168.13.2
1514,192.168.13.2,192.168.3.100
66,192.168.3.100,192.168.13.2
1514,192.168.13.2,192.168.3.100
558,192.168.13.2,192.168.3.100
66,192.168.3.100,192.168.13.2
609,192.168.13.2,192.168.3.100
1514,192.168.13.2,192.168.3.100
66,192.168.3.100,192.168.13.2
1514,192.168.13.2,192.168.3.100
1514,192.168.13.2,192.168.3.100
66,192.168.3.100,192.168.13.2
1463,192.168.13.2,192.168.3.100
609,192.168.3.100,192.168.13.2
1514,192.168.13.2,192.168.3.100
66,192.168.3.100,192.168.13.2
1514,192.168.13.2,192.168.3.100
341,192.168.13.2,192.168.3.100
1514,192.168.13.2,192.168.3.100
1514,192.168.13.2,192.168.3.100
66,192.168.3.100,192.168.13.2
66,192.168.3.100,192.168.13.2
1514,192.168.13.2,192.168.3.100
1514,192.168.13.2,192.168.3.100
66,192.168.3.100,192.168.13.2
558,192.168.13.2,192.168.3.100
1514,192.168.13.2,192.168.3.100
1514,192.168.13.2,192.168.3.100
66,192.168.3.100,192.168.13.2
1514,192.168.13.2,192.168.3.100
1514,192.168.13.2,192.168.3.100
66,192.168.3.100,192.168.13.2
558,192.168.13.2,192.168.3.100
66,192.168.3.100,192.168.13.2
1514,192.168.13.2,192.168.3.100
1514,192.168.13.2,192.168.3.100
66,192.168.3.100,192.168.13.2
312,192.168.13.2,192.168.3.100
1514,192.168.13.2,192.168.3.100
1514,192.168.13.2,192.168.3.100
66,192.168.3.100,192.168.13.2
312,192.168.13.2,192.168.3.100
66,192.168.3.100,192.168.13.2
1514,192.168.13.2,192.168.3.100
1514,192.168.13.2,192.168.3.100
66,192.168.3.100,192.168.13.2
1514,192.168.13.2,192.168.3.100
609,192.168.3.100,192.168.13.2
1514,192.168.13.2,192.168.3.100
66,192.168.3.100,192.168.13.2
558,192.168.13.2,192.168.3.100
1514,192.168.13.2,192.168.3.100
1514,192.168.13.2,192.168.3.100
66,192.168.3.100,192.168.13.2
1514,192.168.13.2,192.168.3.100
1514,192.168.13.2,192.168.3.100
609,192.168.3.100,192.168.13.2
558,192.168.13.2,192.168.3.100
1514,192.168.13.2,192.168.3.100
66,192.168.3.100,192.168.13.2
1514,192.168.13.2,192.168.3.100
66,192.168.3.100,192.168.13.2
370,192.168.13.2,192.168.3.100
1514,192.168.13.2,192.168.3.100
1514,192.168.13.2,192.168.3.100
66,192.168.3.100,192.168.13.2
1514,192.168.13.2,192.168.3.100
1514,192.168.13.2,192.168.3.100
66,192.168.3.100,192.168.13.2
558,192.168.13.2,192.168.3.100
1514,192.168.13.2,192.168.3.100
1514,192.168.13.2,192.168.3.100
66,192.168.3.100,192.168.13.2
1514,192.168.13.2,192.168.3.100
1514,192.168.13.2,192.168.3.100
66,192.168.3.100,192.168.13.2
616,192.168.13.2,192.168.3.100
1514,192.168.13.2,192.168.3.100
1514,192.168.13.2,192.168.3.100
609,192.168.3.100,192.168.13.2
66,192.168.3.100,192.168.13.2
1514,192.168.13.2,192.168.3.100
1514,192.168.13.2,192.168.3.100
66,192.168.3.100,192.168.13.2
558,192.168.13.2,192.168.3.100
1514,192.168.13.2,192.168.3.100
1514,192.168.13.2,192.168.3.100
66,192.168.3.100,192.168.13.2
1514,192.168.13.2,192.168.3.100
1514,192.168.13.2,192.168.3.100
66,192.168.3.100,192.168.13.2
587,192.168.13.2,192.168.3.100
1514,192.168.13.2,192.168.3.100
66,192.168.3.100,192.168.13.2
1514,192.168.13.2,192.168.3.100
1514,192.168.13.2,192.168.3.100
1514,192.168.13.2,192.168.3.100
66,192.168.3.100,192.168.13.2
587,192.168.13.2,192.168.3.100
1514,192.168.13.2,192.168.3.100
1514,192.168.13.2,192.168.3.100
66,192.168.3.100,192.168.13.2
1514,192.168.13.2,192.168.3.100
1514,192.168.13.2,192.168.3.100
66,192.168.3.100,192.168.13.2
1514,192.168.13.2,192.168.3.100
1195,192.168.13.2,192.168.3.100
66,192.168.3.100,192.168.13.2
1514,192.168.13.2,192.168.3.100
609,192.168.3.100,192.168.13.2
1514,192.168.13.2,192.168.3.100
1427,192.168.13.2,192.168.3.100
66,192.168.3.100,192.168.13.2
1514,192.168.13.2,192.168.3.100
1514,192.168.13.2,192.168.3.100
66,192.168.3.100,192.168.13.2
312,192.168.13.2,192.168.3.100
1514,192.168.13.2,192.168.3.100
1514,192.168.13.2,192.168.3.100
609,192.168.3.100,192.168.13.2
66,192.168.3.100,192.168.13.2
1514,192.168.13.2,192.168.3.100
1514,192.168.13.2,192.168.3.100
66,192.168.3.100,192.168.13.2
558,192.168.13.2,192.168.3.100
1514,192.168.13.2,192.168.3.100
1514,192.168.13.2,192.168.3.100
66,192.168.3.100,192.168.13.2
1514,192.168.13.2,192.168.3.100
1514,192.168.13.2,192.168.3.100
66,192.168.3.100,192.168.13.2
1514,192.168.13.2,192.168.3.100
1253,192.168.13.2,192.168.3.100
66,192.168.3.100,192.168.13.2
1514,192.168.13.2,192.168.3.100
1514,192.168.13.2,192.168.3.100
66,192.168.3.100,192.168.13.2
1514,192.168.13.2,192.168.3.100
609,192.168.3.100,192.168.13.2
493,192.168.13.2,192.168.3.100
1514,192.168.13.2,192.168.3.100
66,192.168.3.100,192.168.13.2
1514,192.168.13.2,192.168.3.100
1514,192.168.13.2,192.168.3.100
66,192.168.3.100,192.168.13.2
1514,192.168.13.2,192.168.3.100
1514,192.168.13.2,192.168.3.100
1514,192.168.13.2,192.168.3.100
66,192.168.3.100,192.168.13.2
348,192.168.13.2,192.168.3.100
1514,192.168.13.2,192.168.3.100
66,192.168.3.100,192.168.13.2
1514,192.168.13.2,192.168.3.100
1514,192.168.13.2,192.168.3.100
1514,192.168.13.2,192.168.3.100
66,192.168.3.100,192.168.13.2
674,192.168.13.2,192.168.3.100
1514,192.168.13.2,192.168.3.100
1514,192.168.13.2,192.168.3.100
66,192.168.3.100,192.168.13.2
1514,192.168.13.2,192.168.3.100
1514,192.168.13.2,192.168.3.100
66,192.168.3.100,192.168.13.2
1514,192.168.13.2,192.168.3.100
1514,192.168.13.2,192.168.3.100
66,192.168.3.100,192.168.13.2
348,192.168.13.2,192.168.3.100
1514,192.168.13.2,192.168.3.100
1514,192.168.13.2,192.168.3.100
66,192.168.3.100,192.168.13.2
609,192.168.3.100,192.168.13.2
1514,192.168.13.2,192.168.3.100
1514,192.168.13.2,192.168.3.100
66,192.168.3.100,192.168.13.2
1101,192.168.13.2,192.168.3.100
1514,192.168.13.2,192.168.3.100
66,192.168.3.100,192.168.13.2
1514,192.168.13.2,192.168.3.100
609,192.168.3.100,192.168.13.2
1514,192.168.13.2,192.168.3.100
1514,192.168.13.2,192.168.3.100
66,192.168.3.100,192.168.13.2
645,192.168.13.2,192.168.3.100
1514,192.168.13.2,192.168.3.100
1514,192.168.13.2,192.168.3.100
66,192.168.3.100,192.168.13.2
1514,192.168.13.2,192.168.3.100
1514,192.168.13.2,192.168.3.100
66,192.168.3.100,192.168.13.2
616,192.168.13.2,192.168.3.100
1514,192.168.13.2,192.168.3.100
66,192.168.3.100,192.168.13.2
1514,192.168.13.2,192.168.3.100
1514,192.168.13.2,192.168.3.100
1514,192.168.13.2,192.168.3.100
66,192.168.3.100,192.168.13.2
645,192.168.13.2,192.168.3.100
1514,192.168.13.2,192.168.3.100
1514,192.168.13.2,192.168.3.100
66,192.168.3.100,192.168.13.2
609,192.168.3.100,192.168.13.2
1514,192.168.13.2,192.168.3.100
1514,192.168.13.2,192.168.3.100
66,192.168.3.100,192.168.13.2
616,192.168.13.2,192.168.3.100
1514,192.168.13.2,192.168.3.100
66,192.168.3.100,192.168.13.2
1514,192.168.13.2,192.168.3.100
1514,192.168.13.2,192.168.3.100
1514,192.168.13.2,192.168.3.100
66,192.168.3.100,192.168.13.2
616,192.168.13.2,192.168.3.100
609,192.168.3.100,192.168.13.2
1514,192.168.13.2,192.168.3.100
1514,192.168.13.2,192.168.3.100
66,192.168.3.100,192.168.13.2
1514,192.168.13.2,192.168.3.100
1514,192.168.13.2,192.168.3.100
66,192.168.3.100,192.168.13.2
558,192.168.13.2,192.168.3.100
1514,192.168.13.2,192.168.3.100
1514,192.168.13.2,192.168.3.100
66,192.168.3.100,192.168.13.2
1514,192.168.13.2,192.168.3.100
1514,192.168.13.2,192.168.3.100
609,192.168.3.100,192.168.13.2
1130,192.168.13.2,192.168.3.100
1514,192.168.13.2,192.168.3.100
1514,192.168.13.2,192.168.3.100
66,192.168.3.100,192.168.13.2
1514,192.168.13.2,192.168.3.100
1152,192.168.3.100,192.168.13.2
1514,192.168.13.2,192.168.3.100
587,192.168.13.2,192.168.3.100
1514,192.168.13.2,192.168.3.100
1514,192.168.13.2,192.168.3.100
66,192.168.3.100,192.168.13.2
66,192.168.3.100,192.168.13.2
1514,192.168.13.2,192.168.3.100
1514,192.168.13.2,192.168.3.100
66,192.168.3.100,192.168.13.2
1514,192.168.13.2,192.168.3.100
1514,192.168.13.2,192.168.3.100
66,192.168.3.100,192.168.13.2
833,192.168.13.2,192.168.3.100
1514,192.168.13.2,192.168.3.100
66,192.168.3.100,192.168.13.2
1514,192.168.13.2,192.168.3.100
1514,192.168.13.2,192.168.3.100
1514,192.168.13.2,192.168.3.100
66,192.168.3.100,192.168.13.2
1514,192.168.13.2,192.168.3.100
1514,192.168.13.2,192.168.3.100
66,192.168.3.100,192.168.13.2
833,192.168.13.2,192.168.3.100
1514,192.168.13.2,192.168.3.100
1514,192.168.13.2,192.168.3.100
66,192.168.3.100,192.168.13.2
1514,192.168.13.2,192.168.3.100
1514,192.168.13.2,192.168.3.100
66,192.168.3.100,192.168.13.2
609,192.168.3.100,192.168.13.2
1514,192.168.13.2,192.168.3.100
1514,192.168.13.2,192.168.3.100
66,192.168.3.100,192.168.13.2
833,192.168.13.2,192.168.3.100
1514,192.168.13.2,192.168.3.100
66,192.168.3.100,192.168.13.2
1514,192.168.13.2,192.168.3.100
913,192.168.13.2,192.168.3.100
66,192.168.3.100,192.168.13.2
1514,192.168.13.2,192.168.3.100
1514,192.168.13.2,192.168.3.100
66,192.168.3.100,192.168.13.2
1514,192.168.13.2,192.168.3.100
1514,192.168.13.2,192.168.3.100
66,192.168.3.100,192.168.13.2
1514,192.168.13.2,192.168.3.100
1514,192.168.13.2,192.168.3.100
66,192.168.3.100,192.168.13.2
290,192.168.13.2,192.168.3.100
1514,192.168.13.2,192.168.3.100
66,192.168.3.100,192.168.13.2
1514,192.168.13.2,192.168.3.100
1514,192.168.13.2,192.168.3.100
66,192.168.3.100,192.168.13.2
1514,192.168.13.2,192.168.3.100
1130,192.168.13.2,192.168.3.100
66,192.168.3.100,192.168.13.2
1514,192.168.13.2,192.168.3.100
609,192.168.3.100,192.168.13.2
247,192.168.13.2,192.168.3.100
1514,192.168.3.100,192.168.13.2
66,192.168.13.2,192.168.3.100
247,192.168.3.100,192.168.13.2
609,192.168.13.2,192.168.3.100
1514,192.168.13.2,192.168.3.100
1514,192.168.13.2,192.168.3.100
1514,192.168.13.2,192.168.3.100
66,192.168.3.100,192.168.13.2
66,192.168.3.100,192.168.13.2
1514,192.168.13.2,192.168.3.100
1514,192.168.13.2,192.168.3.100
66,192.168.3.100,192.168.13.2
225,192.168.13.2,192.168.3.100
1514,192.168.13.2,192.168.3.100
1514,192.168.13.2,192.168.3.100
66,192.168.3.100,192.168.13.2
1514,192.168.13.2,192.168.3.100
1514,192.168.13.2,192.168.3.100
66,192.168.3.100,192.168.13.2
1514,192.168.13.2,192.168.3.100
1514,192.168.13.2,192.168.3.100
66,192.168.3.100,192.168.13.2
804,192.168.13.2,192.168.3.100
66,192.168.3.100,192.168.13.2
1514,192.168.13.2,192.168.3.100
1514,192.168.13.2,192.168.3.100
66,192.168.3.100,192.168.13.2
1514,192.168.13.2,192.168.3.100
1514,192.168.13.2,192.168.3.100
66,192.168.3.100,192.168.13.2
558,192.168.13.2,192.168.3.100
1514,192.168.13.2,192.168.3.100
1514,192.168.13.2,192.168.3.100
66,192.168.3.100,192.168.13.2
1514,192.168.13.2,192.168.3.100
1514,192.168.13.2,192.168.3.100
66,192.168.3.100,192.168.13.2
558,192.168.13.2,192.168.3.100
609,192.168.3.100,192.168.13.2
1514,192.168.13.2,192.168.3.100
1514,192.168.13.2,192.168.3.100
66,192.168.3.100,192.168.13.2
855,192.168.13.2,192.168.3.100
66,192.168.3.100,192.168.13.2
1514,192.168.13.2,192.168.3.100
1514,192.168.13.2,192.168.3.100
66,192.168.3.100,192.168.13.2
826,192.168.13.2,192.168.3.100
66,192.168.3.100,192.168.13.2
609,192.168.13.2,192.168.3.100
66,192.168.3.100,192.168.13.2
609,192.168.3.100,192.168.13.2
609,192.168.13.2,192.168.3.100
1514,192.168.13.2,192.168.3.100
1514,192.168.13.2,192.168.3.100
66,192.168.3.100,192.168.13.2
1514,192.168.13.2,192.168.3.100
1514,192.168.13.2,192.168.3.100
66,192.168.3.100,192.168.13.2
1130,192.168.13.2,192.168.3.100
1514,192.168.13.2,192.168.3.100
1514,192.168.13.2,192.168.3.100
66,192.168.3.100,192.168.13.2
1514,192.168.13.2,192.168.3.100
66,192.168.3.100,192.168.13.2
1514,192.168.13.2,192.168.3.100
587,192.168.13.2,192.168.3.100
66,192.168.3.100,192.168.13.2
1514,192.168.13.2,192.168.3.100
1514,192.168.13.2,192.168.3.100
609,192.168.3.100,192.168.13.2
66,192.168.3.100,192.168.13.2
312,192.168.13.2,192.168.3.100
1514,192.168.13.2,192.168.3.100
1514,192.168.13.2,192.168.3.100
66,192.168.3.100,192.168.13.2
855,192.168.13.2,192.168.3.100
609,192.168.3.100,192.168.13.2
1514,192.168.13.2,192.168.3.100
1514,192.168.13.2,192.168.3.100
1514,192.168.13.2,192.168.3.100
66,192.168.3.100,192.168.13.2
920,192.168.13.2,192.168.3.100
66,192.168.3.100,192.168.13.2
609,192.168.13.2,192.168.3.100
1514,192.168.13.2,192.168.3.100
66,192.168.3.100,192.168.13.2
1514,192.168.13.2,192.168.3.100
1514,192.168.13.2,192.168.3.100
66,192.168.3.100,192.168.13.2
1514,192.168.13.2,192.168.3.100
1514,192.168.13.2,192.168.3.100
1514,192.168.13.2,192.168.3.100
66,192.168.3.100,192.168.13.2
261,192.168.13.2,192.168.3.100
66,192.168.3.100,192.168.13.2
1514,192.168.13.2,192.168.3.100
1514,192.168.13.2,192.168.3.100
66,192.168.3.100,192.168.13.2
1514,192.168.13.2,192.168.3.100
1514,192.168.13.2,192.168.3.100
66,192.168.3.100,192.168.13.2
1101,192.168.13.2,192.168.3.100
609,192.168.3.100,192.168.13.2
1514,192.168.13.2,192.168.3.100
1514,192.168.13.2,192.168.3.100
66,192.168.3.100,192.168.13.2
1514,192.168.13.2,192.168.3.100
1514,192.168.13.2,192.168.3.100
66,192.168.3.100,192.168.13.2
558,192.168.13.2,192.168.3.100
1514,192.168.13.2,192.168.3.100
1514,192.168.13.2,192.168.3.100
66,192.168.3.100,192.168.13.2
66,192.168.3.100,192.168.13.2
1514,192.168.13.2,192.168.3.100
1514,192.168.13.2,192.168.3.100
66,192.168.3.100,192.168.13.2
1101,192.168.13.2,192.168.3.100
1514,192.168.13.2,192.168.3.100
1514,192.168.13.2,192.168.3.100
66,192.168.3.100,192.168.13.2
1514,192.168.13.2,192.168.3.100
66,192.168.3.100,192.168.13.2
1514,192.168.13.2,192.168.3.100
1514,192.168.13.2,192.168.3.100
66,192.168.3.100,192.168.13.2
167,192.168.13.2,192.168.3.100
1514,192.168.13.2,192.168.3.100
1514,192.168.13.2,192.168.3.100
66,192.168.3.100,192.168.13.2
1514,192.168.13.2,192.168.3.100
66,192.168.3.100,192.168.13.2
1514,192.168.13.2,192.168.3.100
616,192.168.13.2,192.168.3.100
609,192.168.3.100,192.168.13.2
1514,192.168.13.2,192.168.3.100
1514,192.168.13.2,192.168.3.100
66,192.168.3.100,192.168.13.2
1514,192.168.13.2,192.168.3.100
1514,192.168.13.2,192.168.3.100
66,192.168.3.100,192.168.13.2
558,192.168.13.2,192.168.3.100
609,192.168.3.100,192.168.13.2
1514,192.168.13.2,192.168.3.100
1514,192.168.13.2,192.168.3.100
66,192.168.3.100,192.168.13.2
1514,192.168.13.2,192.168.3.100
1492,192.168.13.2,192.168.3.100
66,192.168.3.100,192.168.13.2
609,192.168.13.2,192.168.3.100
1514,192.168.13.2,192.168.3.100
66,192.168.3.100,192.168.13.2
1514,192.168.13.2,192.168.3.100
1514,192.168.13.2,192.168.3.100
66,192.168.3.100,192.168.13.2
1492,192.168.13.2,192.168.3.100
1514,192.168.13.2,192.168.3.100
1514,192.168.13.2,192.168.3.100
66,192.168.3.100,192.168.13.2
1514,192.168.13.2,192.168.3.100
1463,192.168.13.2,192.168.3.100
66,192.168.3.100,192.168.13.2
609,192.168.3.100,192.168.13.2
609,192.168.13.2,192.168.3.100
1514,192.168.13.2,192.168.3.100
66,192.168.3.100,192.168.13.2
1217,192.168.13.2,192.168.3.100
1514,192.168.13.2,192.168.3.100
1514,192.168.13.2,192.168.3.100
66,192.168.3.100,192.168.13.2
1514,192.168.13.2,192.168.3.100
1514,192.168.13.2,192.168.3.100
66,192.168.3.100,192.168.13.2
1101,192.168.13.2,192.168.3.100
1514,192.168.13.2,192.168.3.100
1514,192.168.13.2,192.168.3.100
66,192.168.3.100,192.168.13.2
1514,192.168.13.2,192.168.3.100
1463,192.168.13.2,192.168.3.100
66,192.168.3.100,192.168.13.2
1514,192.168.13.2,192.168.3.100
1514,192.168.13.2,192.168.3.100
66,192.168.3.100,192.168.13.2
1514,192.168.13.2,192.168.3.100
1514,192.168.13.2,192.168.3.100
66,192.168.3.100,192.168.13.2
558,192.168.13.2,192.168.3.100
1514,192.168.13.2,192.168.3.100
1514,192.168.13.2,192.168.3.100
66,192.168.3.100,192.168.13.2
1514,192.168.13.2,192.168.3.100
1514,192.168.13.2,192.168.3.100
66,192.168.3.100,192.168.13.2
558,192.168.13.2,192.168.3.100
609,192.168.3.100,192.168.13.2
1514,192.168.13.2,192.168.3.100
1514,192.168.13.2,192.168.3.100
66,192.168.3.100,192.168.13.2
1514,192.168.13.2,192.168.3.100
1514,192.168.13.2,192.168.3.100
609,192.168.3.100,192.168.13.2
1101,192.168.13.2,192.168.3.100
66,192.168.3.100,192.168.13.2
1514,192.168.13.2,192.168.3.100
1514,192.168.13.2,192.168.3.100
66,192.168.3.100,192.168.13.2
312,192.168.13.2,192.168.3.100
1514,192.168.13.2,192.168.3.100
66,192.168.3.100,192.168.13.2
1514,192.168.13.2,192.168.3.100
1514,192.168.13.2,192.168.3.100
1514,192.168.13.2,192.168.3.100
66,192.168.3.100,192.168.13.2
558,192.168.13.2,192.168.3.100
1514,192.168.13.2,192.168.3.100
66,192.168.3.100,192.168.13.2
1514,192.168.13.2,192.168.3.100
1514,192.168.13.2,192.168.3.100
66,192.168.3.100,192.168.13.2
1514,192.168.13.2,192.168.3.100
558,192.168.13.2,192.168.3.100
66,192.168.3.100,192.168.13.2
1514,192.168.13.2,192.168.3.100
1514,192.168.13.2,192.168.3.100
66,192.168.3.100,192.168.13.2
609,192.168.3.100,192.168.13.2
1514,192.168.13.2,192.168.3.100
1514,192.168.13.2,192.168.3.100
66,192.168.3.100,192.168.13.2
1101,192.168.13.2,192.168.3.100
1514,192.168.13.2,192.168.3.100
66,192.168.3.100,192.168.13.2
1514,192.168.13.2,192.168.3.100
1514,192.168.13.2,192.168.3.100
66,192.168.3.100,192.168.13.2
1514,192.168.13.2,192.168.3.100
1514,192.168.13.2,192.168.3.100
66,192.168.3.100,192.168.13.2
1514,192.168.13.2,192.168.3.100
1514,192.168.13.2,192.168.3.100
1514,192.168.13.2,192.168.3.100
66,192.168.3.100,192.168.13.2
1514,192.168.13.2,192.168.3.100
1514,192.168.13.2,192.168.3.100
66,192.168.3.100,192.168.13.2
1296,192.168.13.2,192.168.3.100
1514,192.168.13.2,192.168.3.100
1514,192.168.13.2,192.168.3.100
66,192.168.3.100,192.168.13.2
1514,192.168.13.2,192.168.3.100
1514,192.168.13.2,192.168.3.100
66,192.168.3.100,192.168.13.2
1514,192.168.13.2,192.168.3.100
1514,192.168.13.2,192.168.3.100
66,192.168.3.100,192.168.13.2
609,192.168.3.100,192.168.13.2
1514,192.168.13.2,192.168.3.100
1514,192.168.13.2,192.168.3.100
66,192.168.3.100,192.168.13.2
1514,192.168.13.2,192.168.3.100
174,192.168.13.2,192.168.3.100
1514,192.168.13.2,192.168.3.100
66,192.168.3.100,192.168.13.2
1514,192.168.13.2,192.168.3.100
66,192.168.3.100,192.168.13.2
1514,192.168.13.2,192.168.3.100
1514,192.168.13.2,192.168.3.100
66,192.168.3.100,192.168.13.2
1514,192.168.13.2,192.168.3.100
1514,192.168.13.2,192.168.3.100
66,192.168.3.100,192.168.13.2
1514,192.168.13.2,192.168.3.100
1514,192.168.13.2,192.168.3.100
609,192.168.3.100,192.168.13.2
1514,192.168.13.2,192.168.3.100
1514,192.168.13.2,192.168.3.100
66,192.168.3.100,192.168.13.2
840,192.168.13.2,192.168.3.100
1514,192.168.13.2,192.168.3.100
66,192.168.3.100,192.168.13.2
1514,192.168.13.2,192.168.3.100
1514,192.168.13.2,192.168.3.100
1514,192.168.13.2,192.168.3.100
66,192.168.3.100,192.168.13.2
1514,192.168.13.2,192.168.3.100
1514,192.168.13.2,192.168.3.100
66,192.168.3.100,192.168.13.2
1514,192.168.13.2,192.168.3.100
1514,192.168.13.2,192.168.3.100
609,192.168.3.100,192.168.13.2
1514,192.168.13.2,192.168.3.100
66,192.168.3.100,192.168.13.2
203,192.168.13.2,192.168.3.100
1514,192.168.13.2,192.168.3.100
66,192.168.3.100,192.168.13.2
1514,192.168.13.2,192.168.3.100
1514,192.168.13.2,192.168.3.100
66,192.168.3.100,192.168.13.2
1514,192.168.13.2,192.168.3.100
1514,192.168.13.2,192.168.3.100
66,192.168.3.100,192.168.13.2
1514,192.168.13.2,192.168.3.100
1514,192.168.13.2,192.168.3.100
66,192.168.3.100,192.168.13.2
1514,192.168.13.2,192.168.3.100
1514,192.168.13.2,192.168.3.100
1514,192.168.13.2,192.168.3.100
66,192.168.3.100,192.168.13.2
840,192.168.13.2,192.168.3.100
1514,192.168.13.2,192.168.3.100
1514,192.168.13.2,192.168.3.100
66,192.168.3.100,192.168.13.2
609,192.168.3.100,192.168.13.2
1514,192.168.13.2,192.168.3.100
1514,192.168.13.2,192.168.3.100
66,192.168.3.100,192.168.13.2
1514,192.168.13.2,192.168.3.100
1514,192.168.13.2,192.168.3.100
66,192.168.3.100,192.168.13.2
1514,192.168.13.2,192.168.3.100
1514,192.168.13.2,192.168.3.100
66,192.168.3.100,192.168.13.2
1514,192.168.13.2,192.168.3.100
1514,192.168.13.2,192.168.3.100
66,192.168.3.100,192.168.13.2
1354,192.168.13.2,192.168.3.100
1514,192.168.13.2,192.168.3.100
609,192.168.3.100,192.168.13.2
1514,192.168.13.2,192.168.3.100
1514,192.168.13.2,192.168.3.100
1514,192.168.13.2,192.168.3.100
66,192.168.3.100,192.168.13.2
1514,192.168.13.2,192.168.3.100
1514,192.168.13.2,192.168.3.100
66,192.168.3.100,192.168.13.2
1514,192.168.13.2,192.168.3.100
1514,192.168.13.2,192.168.3.100
66,192.168.3.100,192.168.13.2
1514,192.168.13.2,192.168.3.100
1514,192.168.13.2,192.168.3.100
66,192.168.3.100,192.168.13.2
1470,192.168.13.2,192.168.3.100
609,192.168.3.100,192.168.13.2
1514,192.168.13.2,192.168.3.100
1514,192.168.13.2,192.168.3.100
66,192.168.3.100,192.168.13.2
1514,192.168.13.2,192.168.3.100
1514,192.168.13.2,192.168.3.100
66,192.168.3.100,192.168.13.2
1514,192.168.13.2,192.168.3.100
1514,192.168.13.2,192.168.3.100
66,192.168.3.100,192.168.13.2
1514,192.168.13.2,192.168.3.100
1514,192.168.13.2,192.168.3.100
66,192.168.3.100,192.168.13.2
1514,192.168.13.2,192.168.3.100
203,192.168.13.2,192.168.3.100
1514,192.168.13.2,192.168.3.100
66,192.168.3.100,192.168.13.2
1514,192.168.13.2,192.168.3.100
66,192.168.3.100,192.168.13.2
1514,192.168.13.2,192.168.3.100
1514,192.168.13.2,192.168.3.100
66,192.168.3.100,192.168.13.2
1514,192.168.13.2,192.168.3.100
1514,192.168.13.2,192.168.3.100
66,192.168.3.100,192.168.13.2
1514,192.168.13.2,192.168.3.100
1514,192.168.13.2,192.168.3.100
66,192.168.3.100,192.168.13.2
1514,192.168.13.2,192.168.3.100
1514,192.168.13.2,192.168.3.100
609,192.168.3.100,192.168.13.2
66,192.168.3.100,192.168.13.2
811,192.168.13.2,192.168.3.100
1514,192.168.13.2,192.168.3.100
66,192.168.3.100,192.168.13.2
1514,192.168.13.2,192.168.3.100
1514,192.168.13.2,192.168.3.100
1514,192.168.13.2,192.168.3.100
66,192.168.3.100,192.168.13.2
1514,192.168.13.2,192.168.3.100
66,192.168.3.100,192.168.13.2
1514,192.168.13.2,192.168.3.100
1514,192.168.13.2,192.168.3.100
1514,192.168.13.2,192.168.3.100
66,192.168.3.100,192.168.13.2
1514,192.168.13.2,192.168.3.100
609,192.168.3.100,192.168.13.2
1514,192.168.13.2,192.168.3.100
1412,192.168.13.2,192.168.3.100
66,192.168.3.100,192.168.13.2
1514,192.168.13.2,192.168.3.100
1514,192.168.13.2,192.168.3.100
66,192.168.3.100,192.168.13.2
1514,192.168.13.2,192.168.3.100
1514,192.168.13.2,192.168.3.100
66,192.168.3.100,192.168.13.2
1514,192.168.13.2,192.168.3.100
1514,192.168.13.2,192.168.3.100
66,192.168.3.100,192.168.13.2
1514,192.168.13.2,192.168.3.100
1514,192.168.13.2,192.168.3.100
66,192.168.3.100,192.168.13.2
1108,192.168.13.2,192.168.3.100
609,192.168.3.100,192.168.13.2
1514,192.168.13.2,192.168.3.100
1514,192.168.13.2,192.168.3.100
66,192.168.3.100,192.168.13.2
1514,192.168.13.2,192.168.3.100
1514,192.168.13.2,192.168.3.100
66,192.168.3.100,192.168.13.2
1514,192.168.13.2,192.168.3.100
1514,192.168.13.2,192.168.3.100
66,192.168.3.100,192.168.13.2
1514,192.168.13.2,192.168.3.100
1514,192.168.13.2,192.168.3.100
66,192.168.3.100,192.168.13.2
1050,192.168.13.2,192.168.3.100
1514,192.168.13.2,192.168.3.100
1514,192.168.13.2,192.168.3.100
66,192.168.3.100,192.168.13.2
1514,192.168.13.2,192.168.3.100
1514,192.168.13.2,192.168.3.100
66,192.168.3.100,192.168.13.2
1514,192.168.13.2,192.168.3.100
1514,192.168.13.2,192.168.3.100
66,192.168.3.100,192.168.13.2
1514,192.168.13.2,192.168.3.100
1514,192.168.13.2,192.168.3.100
609,192.168.3.100,192.168.13.2
66,192.168.3.100,192.168.13.2
1514,192.168.13.2,192.168.3.100
1514,192.168.13.2,192.168.3.100
66,192.168.3.100,192.168.13.2
1354,192.168.13.2,192.168.3.100
1514,192.168.13.2,192.168.3.100
1514,192.168.13.2,192.168.3.100
66,192.168.3.100,192.168.13.2
1514,192.168.13.2,192.168.3.100
1514,192.168.13.2,192.168.3.100
609,192.168.3.100,192.168.13.2
1130,192.168.13.2,192.168.3.100
66,192.168.3.100,192.168.13.2
66,192.168.13.2,192.168.3.100
609,192.168.3.100,192.168.13.2
66,192.168.13.2,192.168.3.100
609,192.168.13.2,192.168.3.100
66,192.168.3.100,192.168.13.2
609,192.168.3.100,192.168.13.2
609,192.168.13.2,192.168.3.100
66,192.168.3.100,192.168.13.2
609,192.168.13.2,192.168.3.100
609,192.168.3.100,192.168.13.2
609,192.168.13.2,192.168.3.100
1514,192.168.13.2,192.168.3.100
66,192.168.3.100,192.168.13.2
247,192.168.13.2,192.168.3.100
609,192.168.3.100,192.168.13.2
609,192.168.13.2,192.168.3.100
66,192.168.3.100,192.168.13.2
609,192.168.13.2,192.168.3.100
66,192.168.3.100,192.168.13.2
1152,192.168.13.2,192.168.3.100
609,192.168.3.100,192.168.13.2
609,192.168.13.2,192.168.3.100
66,192.168.3.100,192.168.13.2
609,192.168.13.2,192.168.3.100
609,192.168.3.100,192.168.13.2
609,192.168.13.2,192.168.3.100
609,192.168.3.100,192.168.13.2
609,192.168.13.2,192.168.3.100
609,192.168.3.100,192.168.13.2
1514,192.168.13.2,192.168.3.100
247,192.168.13.2,192.168.3.100
66,192.168.3.100,192.168.13.2
609,192.168.3.100,192.168.13.2
609,192.168.13.2,192.168.3.100
66,192.168.3.100,192.168.13.2
609,192.168.13.2,192.168.3.100
66,192.168.3.100,192.168.13.2
609,192.168.13.2,192.168.3.100
609,192.168.3.100,192.168.13.2
609,192.168.13.2,192.168.3.100
1514,192.168.13.2,192.168.3.100
1514,192.168.13.2,192.168.3.100
66,192.168.3.100,192.168.13.2
1514,192.168.13.2,192.168.3.100
1514,192.168.13.2,192.168.3.100
66,192.168.3.100,192.168.13.2
1130,192.168.13.2,192.168.3.100
1514,192.168.13.2,192.168.3.100
1514,192.168.13.2,192.168.3.100
66,192.168.3.100,192.168.13.2
1514,192.168.13.2,192.168.3.100
1514,192.168.13.2,192.168.3.100
66,192.168.3.100,192.168.13.2
558,192.168.13.2,192.168.3.100
1514,192.168.13.2,192.168.3.100
1514,192.168.13.2,192.168.3.100
66,192.168.3.100,192.168.13.2
1514,192.168.13.2,192.168.3.100
1514,192.168.13.2,192.168.3.100
66,192.168.3.100,192.168.13.2
558,192.168.13.2,192.168.3.100
66,192.168.3.100,192.168.13.2
1514,192.168.13.2,192.168.3.100
1514,192.168.13.2,192.168.3.100
66,192.168.3.100,192.168.13.2
312,192.168.13.2,192.168.3.100
1514,192.168.13.2,192.168.3.100
1514,192.168.13.2,192.168.3.100
66,192.168.3.100,192.168.13.2
609,192.168.3.100,192.168.13.2
1514,192.168.13.2,192.168.3.100
1514,192.168.13.2,192.168.3.100
558,192.168.13.2,192.168.3.100
66,192.168.3.100,192.168.13.2
1514,192.168.13.2,192.168.3.100
1514,192.168.13.2,192.168.3.100
609,192.168.3.100,192.168.13.2
1514,192.168.13.2,192.168.3.100
1514,192.168.13.2,192.168.3.100
66,192.168.3.100,192.168.13.2
558,192.168.13.2,192.168.3.100
1514,192.168.13.2,192.168.3.100
1514,192.168.13.2,192.168.3.100
66,192.168.3.100,192.168.13.2
1514,192.168.13.2,192.168.3.100
1514,192.168.13.2,192.168.3.100
66,192.168.3.100,192.168.13.2
558,192.168.13.2,192.168.3.100
1514,192.168.13.2,192.168.3.100
1514,192.168.13.2,192.168.3.100
66,192.168.3.100,192.168.13.2
855,192.168.13.2,192.168.3.100
66,192.168.3.100,192.168.13.2
1123,192.168.13.2,192.168.3.100
609,192.168.3.100,192.168.13.2
609,192.168.13.2,192.168.3.100
1514,192.168.13.2,192.168.3.100
66,192.168.3.100,192.168.13.2
761,192.168.13.2,192.168.3.100
609,192.168.3.100,192.168.13.2
66,192.168.13.2,192.168.3.100
609,192.168.3.100,192.168.13.2
66,192.168.13.2,192.168.3.100
609,192.168.13.2,192.168.3.100
1514,192.168.13.2,192.168.3.100
1514,192.168.13.2,192.168.3.100
66,192.168.3.100,192.168.13.2
1514,192.168.13.2,192.168.3.100
1514,192.168.13.2,192.168.3.100
66,192.168.3.100,192.168.13.2
1514,192.168.13.2,192.168.3.100
1514,192.168.13.2,192.168.3.100
66,192.168.3.100,192.168.13.2
1376,192.168.13.2,192.168.3.100
1514,192.168.13.2,192.168.3.100
1514,192.168.13.2,192.168.3.100
66,192.168.3.100,192.168.13.2
855,192.168.13.2,192.168.3.100
66,192.168.3.100,192.168.13.2
1514,192.168.13.2,192.168.3.100
1514,192.168.13.2,192.168.3.100
66,192.168.3.100,192.168.13.2
826,192.168.13.2,192.168.3.100
609,192.168.3.100,192.168.13.2
609,192.168.13.2,192.168.3.100
1514,192.168.13.2,192.168.3.100
1514,192.168.13.2,192.168.3.100
66,192.168.3.100,192.168.13.2
1514,192.168.13.2,192.168.3.100
1514,192.168.13.2,192.168.3.100
66,192.168.3.100,192.168.13.2
1514,192.168.13.2,192.168.3.100
225,192.168.13.2,192.168.3.100
66,192.168.3.100,192.168.13.2
609,192.168.13.2,192.168.3.100
609,192.168.3.100,192.168.13.2
66,192.168.13.2,192.168.3.100
1152,192.168.3.100,192.168.13.2
66,192.168.13.2,192.168.3.100
609,192.168.13.2,192.168.3.100
1514,192.168.13.2,192.168.3.100
1514,192.168.13.2,192.168.3.100
1514,192.168.13.2,192.168.3.100
66,192.168.3.100,192.168.13.2
1514,192.168.13.2,192.168.3.100
66,192.168.3.100,192.168.13.2
1514,192.168.13.2,192.168.3.100
1514,192.168.13.2,192.168.3.100
66,192.168.3.100,192.168.13.2
1376,192.168.13.2,192.168.3.100
1514,192.168.13.2,192.168.3.100
1514,192.168.13.2,192.168.3.100
66,192.168.3.100,192.168.13.2
1514,192.168.13.2,192.168.3.100
1514,192.168.13.2,192.168.3.100
66,192.168.3.100,192.168.13.2
558,192.168.13.2,192.168.3.100
1514,192.168.13.2,192.168.3.100
1514,192.168.13.2,192.168.3.100
66,192.168.3.100,192.168.13.2
66,192.168.3.100,192.168.13.2
1514,192.168.13.2,192.168.3.100
1514,192.168.13.2,192.168.3.100
66,192.168.3.100,192.168.13.2
558,192.168.13.2,192.168.3.100
1514,192.168.13.2,192.168.3.100
1514,192.168.13.2,192.168.3.100
66,192.168.3.100,192.168.13.2
1514,192.168.13.2,192.168.3.100
1514,192.168.13.2,192.168.3.100
66,192.168.3.100,192.168.13.2
609,192.168.3.100,192.168.13.2
558,192.168.13.2,192.168.3.100
1514,192.168.13.2,192.168.3.100
1514,192.168.13.2,192.168.3.100
66,192.168.3.100,192.168.13.2
1514,192.168.13.2,192.168.3.100
1514,192.168.13.2,192.168.3.100
66,192.168.3.100,192.168.13.2
558,192.168.13.2,192.168.3.100
66,192.168.3.100,192.168.13.2
1514,192.168.13.2,192.168.3.100
1514,192.168.13.2,192.168.3.100
66,192.168.3.100,192.168.13.2
1514,192.168.13.2,192.168.3.100
1514,192.168.13.2,192.168.3.100
66,192.168.3.100,192.168.13.2
587,192.168.13.2,192.168.3.100
1514,192.168.13.2,192.168.3.100
1514,192.168.13.2,192.168.3.100
66,192.168.3.100,192.168.13.2
1514,192.168.13.2,192.168.3.100
1514,192.168.13.2,192.168.3.100
66,192.168.3.100,192.168.13.2
558,192.168.13.2,192.168.3.100
1514,192.168.13.2,192.168.3.100
1514,192.168.13.2,192.168.3.100
66,192.168.3.100,192.168.13.2
66,192.168.3.100,192.168.13.2
1514,192.168.13.2,192.168.3.100
1514,192.168.13.2,192.168.3.100
66,192.168.3.100,192.168.13.2
558,192.168.13.2,192.168.3.100
1514,192.168.13.2,192.168.3.100
1514,192.168.13.2,192.168.3.100
66,192.168.3.100,192.168.13.2
609,192.168.3.100,192.168.13.2
1514,192.168.13.2,192.168.3.100
1514,192.168.13.2,192.168.3.100
66,192.168.3.100,192.168.13.2
558,192.168.13.2,192.168.3.100
1514,192.168.13.2,192.168.3.100
1514,192.168.13.2,192.168.3.100
609,192.168.3.100,192.168.13.2
1514,192.168.13.2,192.168.3.100
66,192.168.3.100,192.168.13.2
1492,192.168.13.2,192.168.3.100
66,192.168.3.100,192.168.13.2
1152,192.168.13.2,192.168.3.100
66,192.168.3.100,192.168.13.2
609,192.168.3.100,192.168.13.2
609,192.168.13.2,192.168.3.100
609,192.168.3.100,192.168.13.2
609,192.168.13.2,192.168.3.100
66,192.168.3.100,192.168.13.2
609,192.168.13.2,192.168.3.100
609,192.168.3.100,192.168.13.2
609,192.168.13.2,192.168.3.100
1514,192.168.13.2,192.168.3.100
1514,192.168.13.2,192.168.3.100
66,192.168.3.100,192.168.13.2
1514,192.168.13.2,192.168.3.100
1514,192.168.13.2,192.168.3.100
66,192.168.3.100,192.168.13.2
1514,192.168.13.2,192.168.3.100
1514,192.168.13.2,192.168.3.100
66,192.168.3.100,192.168.13.2
1376,192.168.13.2,192.168.3.100
1514,192.168.13.2,192.168.3.100
1514,192.168.13.2,192.168.3.100
66,192.168.3.100,192.168.13.2
609,192.168.3.100,192.168.13.2
1514,192.168.13.2,192.168.3.100
1514,192.168.13.2,192.168.3.100
66,192.168.3.100,192.168.13.2
558,192.168.13.2,192.168.3.100
1514,192.168.13.2,192.168.3.100
1514,192.168.13.2,192.168.3.100
66,192.168.3.100,192.168.13.2
66,192.168.3.100,192.168.13.2
312,192.168.13.2,192.168.3.100
1514,192.168.13.2,192.168.3.100
1514,192.168.13.2,192.168.3.100
66,192.168.3.100,192.168.13.2
1514,192.168.13.2,192.168.3.100
1463,192.168.13.2,192.168.3.100
66,192.168.3.100,192.168.13.2
1514,192.168.13.2,192.168.3.100
1514,192.168.13.2,192.168.3.100
66,192.168.3.100,192.168.13.2
855,192.168.13.2,192.168.3.100
1514,192.168.13.2,192.168.3.100
1514,192.168.13.2,192.168.3.100
66,192.168.3.100,192.168.13.2
1514,192.168.13.2,192.168.3.100
66,192.168.3.100,192.168.13.2
464,192.168.13.2,192.168.3.100
609,192.168.3.100,192.168.13.2
609,192.168.13.2,192.168.3.100
1514,192.168.13.2,192.168.3.100
1514,192.168.13.2,192.168.3.100
66,192.168.3.100,192.168.13.2
1514,192.168.13.2,192.168.3.100
1514,192.168.13.2,192.168.3.100
609,192.168.3.100,192.168.13.2
1130,192.168.13.2,192.168.3.100
1514,192.168.13.2,192.168.3.100
1514,192.168.13.2,192.168.3.100
609,192.168.3.100,192.168.13.2
1514,192.168.13.2,192.168.3.100
66,192.168.3.100,192.168.13.2
1492,192.168.13.2,192.168.3.100
1514,192.168.13.2,192.168.3.100
66,192.168.3.100,192.168.13.2
1275,192.168.13.2,192.168.3.100
609,192.168.3.100,192.168.13.2
609,192.168.13.2,192.168.3.100
1514,192.168.13.2,192.168.3.100
1514,192.168.13.2,192.168.3.100
66,192.168.3.100,192.168.13.2
1514,192.168.13.2,192.168.3.100
1514,192.168.13.2,192.168.3.100
66,192.168.3.100,192.168.13.2
1130,192.168.13.2,192.168.3.100
1514,192.168.13.2,192.168.3.100
1514,192.168.13.2,192.168.3.100
66,192.168.3.100,192.168.13.2
1514,192.168.13.2,192.168.3.100
1514,192.168.13.2,192.168.3.100
66,192.168.3.100,192.168.13.2
558,192.168.13.2,192.168.3.100
66,192.168.3.100,192.168.13.2
1514,192.168.13.2,192.168.3.100
1514,192.168.13.2,192.168.3.100
609,192.168.3.100,192.168.13.2
826,192.168.13.2,192.168.3.100
66,192.168.3.100,192.168.13.2
66,192.168.13.2,192.168.3.100
609,192.168.3.100,192.168.13.2
66,192.168.13.2,192.168.3.100
609,192.168.13.2,192.168.3.100
66,192.168.3.100,192.168.13.2
609,192.168.13.2,192.168.3.100
1514,192.168.13.2,192.168.3.100
1514,192.168.13.2,192.168.3.100
66,192.168.3.100,192.168.13.2
1514,192.168.13.2,192.168.3.100
1492,192.168.13.2,192.168.3.100
66,192.168.3.100,192.168.13.2
609,192.168.3.100,192.168.13.2
609,192.168.13.2,192.168.3.100
1514,192.168.13.2,192.168.3.100
1514,192.168.13.2,192.168.3.100
66,192.168.3.100,192.168.13.2
1514,192.168.13.2,192.168.3.100
1514,192.168.13.2,192.168.3.100
73,192.168.13.2,192.168.3.100
66,192.168.3.100,192.168.13.2
1514,192.168.13.2,192.168.3.100
1514,192.168.13.2,192.168.3.100
66,192.168.3.100,192.168.13.2
1514,192.168.13.2,192.168.3.100
464,192.168.13.2,192.168.3.100
1514,192.168.13.2,192.168.3.100
1514,192.168.13.2,192.168.3.100
66,192.168.3.100,192.168.13.2
66,192.168.3.100,192.168.13.2
1340,192.168.13.2,192.168.3.100
1514,192.168.13.2,192.168.3.100
1514,192.168.13.2,192.168.3.100
66,192.168.3.100,192.168.13.2
609,192.168.3.100,192.168.13.2
1514,192.168.13.2,192.168.3.100
1514,192.168.13.2,192.168.3.100
1514,192.168.13.2,192.168.3.100
66,192.168.3.100,192.168.13.2
1514,192.168.13.2,192.168.3.100
66,192.168.3.100,192.168.13.2
319,192.168.13.2,192.168.3.100
1514,192.168.13.2,192.168.3.100
1514,192.168.13.2,192.168.3.100
609,192.168.3.100,192.168.13.2
1514,192.168.13.2,192.168.3.100
66,192.168.3.100,192.168.13.2
1514,192.168.13.2,192.168.3.100
102,192.168.13.2,192.168.3.100
1514,192.168.13.2,192.168.3.100
66,192.168.3.100,192.168.13.2
1514,192.168.13.2,192.168.3.100
1514,192.168.13.2,192.168.3.100
66,192.168.3.100,192.168.13.2
464,192.168.13.2,192.168.3.100
609,192.168.3.100,192.168.13.2
66,192.168.13.2,192.168.3.100
609,192.168.13.2,192.168.3.100
1514,192.168.13.2,192.168.3.100
66,192.168.3.100,192.168.13.2
761,192.168.13.2,192.168.3.100
609,192.168.3.100,192.168.13.2
66,192.168.13.2,192.168.3.100
609,192.168.13.2,192.168.3.100
66,192.168.3.100,192.168.13.2
609,192.168.13.2,192.168.3.100
66,192.168.3.100,192.168.13.2
609,192.168.13.2,192.168.3.100
609,192.168.3.100,192.168.13.2
609,192.168.13.2,192.168.3.100
1514,192.168.13.2,192.168.3.100
1514,192.168.13.2,192.168.3.100
66,192.168.3.100,192.168.13.2
1514,192.168.13.2,192.168.3.100
609,192.168.3.100,192.168.13.2
1514,192.168.13.2,192.168.3.100
1130,192.168.13.2,192.168.3.100
1514,192.168.13.2,192.168.3.100
66,192.168.3.100,192.168.13.2
1514,192.168.13.2,192.168.3.100
66,192.168.3.100,192.168.13.2
1514,192.168.13.2,192.168.3.100
1514,192.168.13.2,192.168.3.100
66,192.168.3.100,192.168.13.2
1514,192.168.13.2,192.168.3.100
1514,192.168.13.2,192.168.3.100
66,192.168.3.100,192.168.13.2
1318,192.168.13.2,192.168.3.100
1514,192.168.13.2,192.168.3.100
66,192.168.3.100,192.168.13.2
247,192.168.13.2,192.168.3.100
609,192.168.3.100,192.168.13.2
609,192.168.13.2,192.168.3.100
1514,192.168.13.2,192.168.3.100
1514,192.168.13.2,192.168.3.100
66,192.168.3.100,192.168.13.2
1514,192.168.13.2,192.168.3.100
978,192.168.13.2,192.168.3.100
66,192.168.3.100,192.168.13.2
609,192.168.13.2,192.168.3.100
1514,192.168.13.2,192.168.3.100
1514,192.168.13.2,192.168.3.100
66,192.168.3.100,192.168.13.2
1340,192.168.13.2,192.168.3.100
66,192.168.3.100,192.168.13.2
609,192.168.13.2,192.168.3.100
1514,192.168.13.2,192.168.3.100
1514,192.168.13.2,192.168.3.100
609,192.168.3.100,192.168.13.2
1340,192.168.13.2,192.168.3.100
609,192.168.3.100,192.168.13.2
1514,192.168.13.2,192.168.3.100
1514,192.168.13.2,192.168.3.100
66,192.168.3.100,192.168.13.2
1514,192.168.13.2,192.168.3.100
464,192.168.13.2,192.168.3.100
66,192.168.3.100,192.168.13.2
1514,192.168.13.2,192.168.3.100
1514,192.168.13.2,192.168.3.100
66,192.168.3.100,192.168.13.2
1514,192.168.13.2,192.168.3.100
435,192.168.13.2,192.168.3.100
66,192.168.3.100,192.168.13.2
1514,192.168.13.2,192.168.3.100
1514,192.168.13.2,192.168.3.100
66,192.168.3.100,192.168.13.2
1514,192.168.13.2,192.168.3.100
435,192.168.13.2,192.168.3.100
66,192.168.3.100,192.168.13.2
1514,192.168.13.2,192.168.3.100
1514,192.168.13.2,192.168.3.100
66,192.168.3.100,192.168.13.2
1514,192.168.13.2,192.168.3.100
435,192.168.13.2,192.168.3.100
66,192.168.3.100,192.168.13.2
609,192.168.13.2,192.168.3.100
1514,192.168.13.2,192.168.3.100
1514,192.168.13.2,192.168.3.100
66,192.168.3.100,192.168.13.2
1514,192.168.13.2,192.168.3.100
1514,192.168.13.2,192.168.3.100
66,192.168.3.100,192.168.13.2
1514,192.168.13.2,192.168.3.100
1166,192.168.13.2,192.168.3.100
609,192.168.3.100,192.168.13.2
1514,192.168.13.2,192.168.3.100
1514,192.168.13.2,192.168.3.100
66,192.168.3.100,192.168.13.2
1340,192.168.13.2,192.168.3.100
66,192.168.3.100,192.168.13.2
609,192.168.13.2,192.168.3.100
609,192.168.3.100,192.168.13.2
609,192.168.13.2,192.168.3.100
1514,192.168.13.2,192.168.3.100
1514,192.168.13.2,192.168.3.100
66,192.168.3.100,192.168.13.2
1514,192.168.13.2,192.168.3.100
1514,192.168.13.2,192.168.3.100
66,192.168.3.100,192.168.13.2
1130,192.168.13.2,192.168.3.100
1514,192.168.13.2,192.168.3.100
1514,192.168.13.2,192.168.3.100
66,192.168.3.100,192.168.13.2
1514,192.168.13.2,192.168.3.100
1514,192.168.13.2,192.168.3.100
66,192.168.3.100,192.168.13.2
558,192.168.13.2,192.168.3.100
66,192.168.3.100,192.168.13.2
1514,192.168.13.2,192.168.3.100
1514,192.168.13.2,192.168.3.100
609,192.168.3.100,192.168.13.2
312,192.168.13.2,192.168.3.100
1514,192.168.13.2,192.168.3.100
1514,192.168.13.2,192.168.3.100
66,192.168.3.100,192.168.13.2
1514,192.168.13.2,192.168.3.100
1514,192.168.13.2,192.168.3.100
609,192.168.3.100,192.168.13.2
558,192.168.13.2,192.168.3.100
66,192.168.3.100,192.168.13.2
1514,192.168.13.2,192.168.3.100
1514,192.168.13.2,192.168.3.100
66,192.168.3.100,192.168.13.2
312,192.168.13.2,192.168.3.100
1514,192.168.13.2,192.168.3.100
1514,192.168.13.2,192.168.3.100
66,192.168.3.100,192.168.13.2
1514,192.168.13.2,192.168.3.100
1514,192.168.13.2,192.168.3.100
66,192.168.3.100,192.168.13.2
558,192.168.13.2,192.168.3.100
1514,192.168.13.2,192.168.3.100
1514,192.168.13.2,192.168.3.100
66,192.168.3.100,192.168.13.2
1514,192.168.13.2,192.168.3.100
1514,192.168.13.2,192.168.3.100
66,192.168.3.100,192.168.13.2
558,192.168.13.2,192.168.3.100
1514,192.168.13.2,192.168.3.100
1514,192.168.13.2,192.168.3.100
66,192.168.3.100,192.168.13.2
1514,192.168.13.2,192.168.3.100
1514,192.168.13.2,192.168.3.100
66,192.168.3.100,192.168.13.2
558,192.168.13.2,192.168.3.100
609,192.168.3.100,192.168.13.2
1514,192.168.13.2,192.168.3.100
1514,192.168.13.2,192.168.3.100
66,192.168.3.100,192.168.13.2
312,192.168.13.2,192.168.3.100
1514,192.168.13.2,192.168.3.100
1514,192.168.13.2,192.168.3.100
66,192.168.3.100,192.168.13.2
855,192.168.13.2,192.168.3.100
1514,192.168.13.2,192.168.3.100
66,192.168.3.100,192.168.13.2
1514,192.168.13.2,192.168.3.100
1514,192.168.13.2,192.168.3.100
66,192.168.3.100,192.168.13.2
920,192.168.13.2,192.168.3.100
1514,192.168.13.2,192.168.3.100
1514,192.168.13.2,192.168.3.100
66,192.168.3.100,192.168.13.2
884,192.168.13.2,192.168.3.100
66,192.168.3.100,192.168.13.2
1514,192.168.13.2,192.168.3.100
1514,192.168.13.2,192.168.3.100
1514,192.168.13.2,192.168.3.100
66,192.168.3.100,192.168.13.2
1492,192.168.13.2,192.168.3.100
609,192.168.3.100,192.168.13.2
1514,192.168.13.2,192.168.3.100
1514,192.168.13.2,192.168.3.100
66,192.168.3.100,192.168.13.2
312,192.168.13.2,192.168.3.100
609,192.168.3.100,192.168.13.2
1514,192.168.13.2,192.168.3.100
1514,192.168.13.2,192.168.3.100
66,192.168.3.100,192.168.13.2
312,192.168.13.2,192.168.3.100
1514,192.168.13.2,192.168.3.100
66,192.168.3.100,192.168.13.2
1514,192.168.13.2,192.168.3.100
1514,192.168.13.2,192.168.3.100
66,192.168.3.100,192.168.13.2
464,192.168.13.2,192.168.3.100
1514,192.168.13.2,192.168.3.100
66,192.168.3.100,192.168.13.2
1514,192.168.13.2,192.168.3.100
1514,192.168.13.2,192.168.3.100
66,192.168.3.100,192.168.13.2
1463,192.168.13.2,192.168.3.100
66,192.168.3.100,192.168.13.2
1152,192.168.13.2,192.168.3.100
66,192.168.3.100,192.168.13.2
609,192.168.3.100,192.168.13.2
66,192.168.13.2,192.168.3.100
609,192.168.13.2,192.168.3.100
1514,192.168.13.2,192.168.3.100
1514,192.168.13.2,192.168.3.100
66,192.168.3.100,192.168.13.2
1369,192.168.13.2,192.168.3.100
609,192.168.3.100,192.168.13.2
66,192.168.13.2,192.168.3.100
609,192.168.13.2,192.168.3.100
1514,192.168.13.2,192.168.3.100
1514,192.168.13.2,192.168.3.100
66,192.168.3.100,192.168.13.2
341,192.168.13.2,192.168.3.100
609,192.168.3.100,192.168.13.2
66,192.168.13.2,192.168.3.100
609,192.168.3.100,192.168.13.2
66,192.168.13.2,192.168.3.100
609,192.168.13.2,192.168.3.100
1514,192.168.13.2,192.168.3.100
1514,192.168.13.2,192.168.3.100
66,192.168.3.100,192.168.13.2
1514,192.168.13.2,192.168.3.100
1514,192.168.13.2,192.168.3.100
66,192.168.3.100,192.168.13.2
1514,192.168.13.2,192.168.3.100
739,192.168.13.2,192.168.3.100
66,192.168.3.100,192.168.13.2
1152,192.168.13.2,192.168.3.100
609,192.168.3.100,192.168.13.2
609,192.168.13.2,192.168.3.100
1514,192.168.13.2,192.168.3.100
1514,192.168.13.2,192.168.3.100
66,192.168.3.100,192.168.13.2
1514,192.168.13.2,192.168.3.100
1514,192.168.13.2,192.168.3.100
66,192.168.3.100,192.168.13.2
1130,192.168.13.2,192.168.3.100
1514,192.168.13.2,192.168.3.100
1514,192.168.13.2,192.168.3.100
66,192.168.3.100,192.168.13.2
1514,192.168.13.2,192.168.3.100
66,192.168.3.100,192.168.13.2
1514,192.168.13.2,192.168.3.100
587,192.168.13.2,192.168.3.100
1514,192.168.13.2,192.168.3.100
1514,192.168.13.2,192.168.3.100
66,192.168.3.100,192.168.13.2
66,192.168.3.100,192.168.13.2
826,192.168.13.2,192.168.3.100
609,192.168.3.100,192.168.13.2
66,192.168.13.2,192.168.3.100
1152,192.168.3.100,192.168.13.2
66,192.168.13.2,192.168.3.100
609,192.168.13.2,192.168.3.100
1514,192.168.13.2,192.168.3.100
1514,192.168.13.2,192.168.3.100
66,192.168.3.100,192.168.13.2
1514,192.168.13.2,192.168.3.100
1514,192.168.13.2,192.168.3.100
66,192.168.3.100,192.168.13.2
1130,192.168.13.2,192.168.3.100
1514,192.168.13.2,192.168.3.100
1514,192.168.13.2,192.168.3.100
66,192.168.3.100,192.168.13.2
1514,192.168.13.2,192.168.3.100
1514,192.168.13.2,192.168.3.100
66,192.168.3.100,192.168.13.2
558,192.168.13.2,192.168.3.100
1514,192.168.13.2,192.168.3.100
1514,192.168.13.2,192.168.3.100
66,192.168.3.100,192.168.13.2
1514,192.168.13.2,192.168.3.100
1514,192.168.13.2,192.168.3.100
66,192.168.3.100,192.168.13.2
558,192.168.13.2,192.168.3.100
1514,192.168.13.2,192.168.3.100
1514,192.168.13.2,192.168.3.100
66,192.168.3.100,192.168.13.2
1514,192.168.13.2,192.168.3.100
1514,192.168.13.2,192.168.3.100
66,192.168.3.100,192.168.13.2
558,192.168.13.2,192.168.3.100
66,192.168.3.100,192.168.13.2
1514,192.168.13.2,192.168.3.100
1514,192.168.13.2,192.168.3.100
66,192.168.3.100,192.168.13.2
609,192.168.3.100,192.168.13.2
826,192.168.13.2,192.168.3.100
66,192.168.3.100,192.168.13.2
66,192.168.13.2,192.168.3.100
1152,192.168.13.2,192.168.3.100
66,192.168.3.100,192.168.13.2
609,192.168.3.100,192.168.13.2
66,192.168.13.2,192.168.3.100
609,192.168.13.2,192.168.3.100
66,192.168.3.100,192.168.13.2
609,192.168.13.2,192.168.3.100
66,192.168.3.100,192.168.13.2
609,192.168.13.2,192.168.3.100
609,192.168.3.100,192.168.13.2
609,192.168.13.2,192.168.3.100
66,192.168.3.100,192.168.13.2
1152,192.168.13.2,192.168.3.100
609,192.168.3.100,192.168.13.2
609,192.168.13.2,192.168.3.100
66,192.168.3.100,192.168.13.2
1152,192.168.13.2,192.168.3.100
609,192.168.3.100,192.168.13.2
609,192.168.13.2,192.168.3.100
66,192.168.3.100,192.168.13.2
1152,192.168.13.2,192.168.3.100
609,192.168.3.100,192.168.13.2
609,192.168.13.2,192.168.3.100
66,192.168.3.100,192.168.13.2
609,192.168.13.2,192.168.3.100
66,192.168.3.100,192.168.13.2
609,192.168.13.2,192.168.3.100
609,192.168.3.100,192.168.13.2
609,192.168.13.2,192.168.3.100
66,192.168.3.100,192.168.13.2
609,192.168.13.2,192.168.3.100
609,192.168.3.100,192.168.13.2
609,192.168.13.2,192.168.3.100
1514,192.168.13.2,192.168.3.100
1514,192.168.13.2,192.168.3.100
66,192.168.3.100,192.168.13.2
1514,192.168.13.2,192.168.3.100
1514,192.168.13.2,192.168.3.100
66,192.168.3.100,192.168.13.2
1514,192.168.13.2,192.168.3.100
225,192.168.13.2,192.168.3.100
1514,192.168.13.2,192.168.3.100
66,192.168.3.100,192.168.13.2
1514,192.168.13.2,192.168.3.100
66,192.168.3.100,192.168.13.2
312,192.168.13.2,192.168.3.100
1514,192.168.13.2,192.168.3.100
66,192.168.3.100,192.168.13.2
1514,192.168.13.2,192.168.3.100
1514,192.168.13.2,192.168.3.100
66,192.168.3.100,192.168.13.2
435,192.168.13.2,192.168.3.100
609,192.168.3.100,192.168.13.2
66,192.168.3.100,192.168.13.2
66,192.168.13.2,192.168.3.100
609,192.168.3.100,192.168.13.2
609,192.168.13.2,192.168.3.100
66,192.168.3.100,192.168.13.2
66,192.168.13.2,192.168.3.100
609,192.168.13.2,192.168.3.100
609,192.168.3.100,192.168.13.2
66,192.168.13.2,192.168.3.100
609,192.168.13.2,192.168.3.100
66,192.168.3.100,192.168.13.2
609,192.168.13.2,192.168.3.100
609,192.168.3.100,192.168.13.2
66,192.168.13.2,192.168.3.100
609,192.168.13.2,192.168.3.100
66,192.168.3.100,192.168.13.2
609,192.168.13.2,192.168.3.100
609,192.168.3.100,192.168.13.2
609,192.168.13.2,192.168.3.100
66,192.168.3.100,192.168.13.2
609,192.168.13.2,192.168.3.100
66,192.168.3.100,192.168.13.2
609,192.168.13.2,192.168.3.100
609,192.168.3.100,192.168.13.2
609,192.168.13.2,192.168.3.100
66,192.168.3.100,192.168.13.2
609,192.168.13.2,192.168.3.100
609,192.168.3.100,192.168.13.2
609,192.168.13.2,192.168.3.100
66,192.168.3.100,192.168.13.2
609,192.168.13.2,192.168.3.100
66,192.168.3.100,192.168.13.2
609,192.168.13.2,192.168.3.100
609,192.168.3.100,192.168.13.2
609,192.168.13.2,192.168.3.100
1514,192.168.13.2,192.168.3.100
66,192.168.3.100,192.168.13.2
761,192.168.13.2,192.168.3.100
609,192.168.3.100,192.168.13.2
609,192.168.13.2,192.168.3.100
66,192.168.3.100,192.168.13.2
609,192.168.13.2,192.168.3.100
66,192.168.3.100,192.168.13.2
1152,192.168.13.2,192.168.3.100
609,192.168.3.100,192.168.13.2
609,192.168.13.2,192.168.3.100
1514,192.168.13.2,192.168.3.100
66,192.168.3.100,192.168.13.2
247,192.168.13.2,192.168.3.100
609,192.168.3.100,192.168.13.2
609,192.168.13.2,192.168.3.100
66,192.168.3.100,192.168.13.2
609,192.168.13.2,192.168.3.100
66,192.168.3.100,192.168.13.2
1152,192.168.13.2,192.168.3.100
609,192.168.3.100,192.168.13.2
609,192.168.13.2,192.168.3.100
1514,192.168.13.2,192.168.3.100
66,192.168.3.100,192.168.13.2
761,192.168.13.2,192.168.3.100
609,192.168.3.100,192.168.13.2
609,192.168.13.2,192.168.3.100
1514,192.168.13.2,192.168.3.100
66,192.168.3.100,192.168.13.2
761,192.168.13.2,192.168.3.100
609,192.168.3.100,192.168.13.2
609,192.168.13.2,192.168.3.100
1514,192.168.13.2,192.168.3.100
1514,192.168.13.2,192.168.3.100
66,192.168.3.100,192.168.13.2
855,192.168.13.2,192.168.3.100
609,192.168.3.100,192.168.13.2
66,192.168.3.100,192.168.13.2
66,192.168.13.2,192.168.3.100
609,192.168.3.100,192.168.13.2
609,192.168.13.2,192.168.3.100
1514,192.168.13.2,192.168.3.100
1514,192.168.13.2,192.168.3.100
1514,192.168.13.2,192.168.3.100
1514,192.168.13.2,192.168.3.100
1514,192.168.13.2,192.168.3.100
1514,192.168.13.2,192.168.3.100
1514,192.168.13.2,192.168.3.100
1514,192.168.13.2,192.168.3.100
1514,192.168.13.2,192.168.3.100
1514,192.168.13.2,192.168.3.100
1514,192.168.13.2,192.168.3.100
1514,192.168.13.2,192.168.3.100
1514,192.168.13.2,192.168.3.100
1514,192.168.13.2,192.168.3.100
1514,192.168.13.2,192.168.3.100
1514,192.168.13.2,192.168.3.100
1514,192.168.13.2,192.168.3.100
1514,192.168.13.2,192.168.3.100
66,192.168.3.100,192.168.13.2
1514,192.168.13.2,192.168.3.100
1514,192.168.13.2,192.168.3.100
1514,192.168.13.2,192.168.3.100
1514,192.168.13.2,192.168.3.100
260,192.168.13.2,192.168.3.100
1514,192.168.13.2,192.168.3.100
1514,192.168.13.2,192.168.3.100
1514,192.168.13.2,192.168.3.100
1514,192.168.13.2,192.168.3.100
1514,192.168.13.2,192.168.3.100
1514,192.168.13.2,192.168.3.100
1514,192.168.13.2,192.168.3.100
1514,192.168.13.2,192.168.3.100
1514,192.168.13.2,192.168.3.100
1514,192.168.13.2,192.168.3.100
1514,192.168.13.2,192.168.3.100
1514,192.168.13.2,192.168.3.100
1514,192.168.13.2,192.168.3.100
1514,192.168.13.2,192.168.3.100
1514,192.168.13.2,192.168.3.100
66,192.168.3.100,192.168.13.2
1514,192.168.13.2,192.168.3.100
1514,192.168.13.2,192.168.3.100
1514,192.168.13.2,192.168.3.100
1514,192.168.13.2,192.168.3.100
1514,192.168.13.2,192.168.3.100
1514,192.168.13.2,192.168.3.100
1514,192.168.13.2,192.168.3.100
1514,192.168.13.2,192.168.3.100
354,192.168.13.2,192.168.3.100
1514,192.168.13.2,192.168.3.100
1514,192.168.13.2,192.168.3.100
1514,192.168.13.2,192.168.3.100
1514,192.168.13.2,192.168.3.100
1514,192.168.13.2,192.168.3.100
1514,192.168.13.2,192.168.3.100
1514,192.168.13.2,192.168.3.100
1514,192.168.13.2,192.168.3.100
1514,192.168.13.2,192.168.3.100
1514,192.168.13.2,192.168.3.100
1514,192.168.13.2,192.168.3.100
66,192.168.3.100,192.168.13.2
1514,192.168.13.2,192.168.3.100
1514,192.168.13.2,192.168.3.100
1514,192.168.13.2,192.168.3.100
1514,192.168.13.2,192.168.3.100
66,192.168.3.100,192.168.13.2
1514,192.168.13.2,192.168.3.100
1514,192.168.13.2,192.168.3.100
66,192.168.3.100,192.168.13.2
1514,192.168.13.2,192.168.3.100
1514,192.168.13.2,192.168.3.100
66,192.168.3.100,192.168.13.2
1514,192.168.13.2,192.168.3.100
1514,192.168.13.2,192.168.3.100
66,192.168.3.100,192.168.13.2
1514,192.168.13.2,192.168.3.100
1514,192.168.13.2,192.168.3.100
66,192.168.3.100,192.168.13.2
609,192.168.3.100,192.168.13.2
1514,192.168.13.2,192.168.3.100
1514,192.168.13.2,192.168.3.100
66,192.168.3.100,192.168.13.2
1514,192.168.13.2,192.168.3.100
1514,192.168.13.2,192.168.3.100
66,192.168.3.100,192.168.13.2
1514,192.168.13.2,192.168.3.100
1514,192.168.13.2,192.168.3.100
66,192.168.3.100,192.168.13.2
404,192.168.13.2,192.168.3.100
1514,192.168.13.2,192.168.3.100
1514,192.168.13.2,192.168.3.100
66,192.168.3.100,192.168.13.2
1514,192.168.13.2,192.168.3.100
1514,192.168.13.2,192.168.3.100
66,192.168.3.100,192.168.13.2
1514,192.168.13.2,192.168.3.100
1514,192.168.13.2,192.168.3.100
66,192.168.3.100,192.168.13.2
1514,192.168.13.2,192.168.3.100
1514,192.168.13.2,192.168.3.100
66,192.168.3.100,192.168.13.2
1514,192.168.13.2,192.168.3.100
1514,192.168.13.2,192.168.3.100
66,192.168.3.100,192.168.13.2
1514,192.168.13.2,192.168.3.100
1514,192.168.13.2,192.168.3.100
1152,192.168.3.100,192.168.13.2
1514,192.168.13.2,192.168.3.100
1514,192.168.13.2,192.168.3.100
66,192.168.3.100,192.168.13.2
1514,192.168.13.2,192.168.3.100
1514,192.168.13.2,192.168.3.100
66,192.168.3.100,192.168.13.2
1514,192.168.13.2,192.168.3.100
1514,192.168.13.2,192.168.3.100
1514,192.168.13.2,192.168.3.100
66,192.168.3.100,192.168.13.2
1514,192.168.13.2,192.168.3.100
499,192.168.13.2,192.168.3.100
66,192.168.3.100,192.168.13.2
1514,192.168.13.2,192.168.3.100
1514,192.168.13.2,192.168.3.100
66,192.168.3.100,192.168.13.2
1514,192.168.13.2,192.168.3.100
949,192.168.13.2,192.168.3.100
1152,192.168.3.100,192.168.13.2
1514,192.168.13.2,192.168.3.100
218,192.168.13.2,192.168.3.100
66,192.168.3.100,192.168.13.2
609,192.168.3.100,192.168.13.2
1514,192.168.3.100,192.168.13.2
66,192.168.13.2,192.168.3.100
247,192.168.3.100,192.168.13.2
609,192.168.13.2,192.168.3.100
66,192.168.3.100,192.168.13.2
609,192.168.13.2,192.168.3.100
609,192.168.3.100,192.168.13.2
609,192.168.13.2,192.168.3.100
66,192.168.3.100,192.168.13.2
609,192.168.13.2,192.168.3.100
609,192.168.3.100,192.168.13.2
609,192.168.13.2,192.168.3.100
66,192.168.3.100,192.168.13.2
609,192.168.13.2,192.168.3.100
609,192.168.3.100,192.168.13.2
609,192.168.13.2,192.168.3.100
66,192.168.3.100,192.168.13.2
609,192.168.13.2,192.168.3.100
66,192.168.3.100,192.168.13.2
609,192.168.13.2,192.168.3.100
609,192.168.3.100,192.168.13.2
609,192.168.13.2,192.168.3.100
1514,192.168.13.2,192.168.3.100
1514,192.168.13.2,192.168.3.100
66,192.168.3.100,192.168.13.2
1514,192.168.13.2,192.168.3.100
1514,192.168.13.2,192.168.3.100
66,192.168.3.100,192.168.13.2
1130,192.168.13.2,192.168.3.100
1514,192.168.13.2,192.168.3.100
1514,192.168.13.2,192.168.3.100
609,192.168.3.100,192.168.13.2
66,192.168.3.100,192.168.13.2
1514,192.168.13.2,192.168.3.100
1514,192.168.13.2,192.168.3.100
66,192.168.3.100,192.168.13.2
558,192.168.13.2,192.168.3.100
1514,192.168.13.2,192.168.3.100
1514,192.168.13.2,192.168.3.100
66,192.168.3.100,192.168.13.2
1514,192.168.13.2,192.168.3.100
1514,192.168.13.2,192.168.3.100
66,192.168.3.100,192.168.13.2
558,192.168.13.2,192.168.3.100
1514,192.168.13.2,192.168.3.100
66,192.168.3.100,192.168.13.2
1514,192.168.13.2,192.168.3.100
1514,192.168.13.2,192.168.3.100
1463,192.168.13.2,192.168.3.100
66,192.168.3.100,192.168.13.2
609,192.168.13.2,192.168.3.100
1514,192.168.13.2,192.168.3.100
66,192.168.3.100,192.168.13.2
1514,192.168.13.2,192.168.3.100
312,192.168.13.2,192.168.3.100
1514,192.168.13.2,192.168.3.100
1514,192.168.13.2,192.168.3.100
66,192.168.3.100,192.168.13.2
1514,192.168.13.2,192.168.3.100
1514,192.168.13.2,192.168.3.100
66,192.168.3.100,192.168.13.2
609,192.168.3.100,192.168.13.2
558,192.168.13.2,192.168.3.100
1514,192.168.13.2,192.168.3.100
66,192.168.3.100,192.168.13.2
1514,192.168.13.2,192.168.3.100
1369,192.168.13.2,192.168.3.100
609,192.168.3.100,192.168.13.2
66,192.168.13.2,192.168.3.100
609,192.168.3.100,192.168.13.2
66,192.168.13.2,192.168.3.100
609,192.168.13.2,192.168.3.100
66,192.168.3.100,192.168.13.2
609,192.168.13.2,192.168.3.100
66,192.168.3.100,192.168.13.2
609,192.168.13.2,192.168.3.100
609,192.168.3.100,192.168.13.2
609,192.168.13.2,192.168.3.100
1514,192.168.13.2,192.168.3.100
1514,192.168.13.2,192.168.3.100
66,192.168.3.100,192.168.13.2
1398,192.168.13.2,192.168.3.100
609,192.168.3.100,192.168.13.2
609,192.168.13.2,192.168.3.100
1514,192.168.13.2,192.168.3.100
1514,192.168.13.2,192.168.3.100
66,192.168.3.100,192.168.13.2
884,192.168.13.2,192.168.3.100
609,192.168.3.100,192.168.13.2
609,192.168.13.2,192.168.3.100
1514,192.168.13.2,192.168.3.100
1514,192.168.13.2,192.168.3.100
66,192.168.3.100,192.168.13.2
855,192.168.13.2,192.168.3.100
609,192.168.3.100,192.168.13.2
609,192.168.13.2,192.168.3.100
1514,192.168.13.2,192.168.3.100
66,192.168.3.100,192.168.13.2
761,192.168.13.2,192.168.3.100
609,192.168.3.100,192.168.13.2
66,192.168.13.2,192.168.3.100
609,192.168.3.100,192.168.13.2
609,192.168.13.2,192.168.3.100
609,192.168.3.100,192.168.13.2
609,192.168.13.2,192.168.3.100
66,192.168.3.100,192.168.13.2
609,192.168.13.2,192.168.3.100
66,192.168.3.100,192.168.13.2
609,192.168.13.2,192.168.3.100
609,192.168.3.100,192.168.13.2
609,192.168.13.2,192.168.3.100
66,192.168.3.100,192.168.13.2
609,192.168.13.2,192.168.3.100
609,192.168.3.100,192.168.13.2
609,192.168.13.2,192.168.3.100
1514,192.168.13.2,192.168.3.100
66,192.168.3.100,192.168.13.2
247,192.168.13.2,192.168.3.100
609,192.168.3.100,192.168.13.2
66,192.168.13.2,192.168.3.100
