609,192.168.3.100,192.168.13.2
66,192.168.13.2,192.168.3.100
609,192.168.13.2,192.168.3.100
609,192.168.3.100,192.168.13.2
609,192.168.13.2,192.168.3.100
1514,192.168.13.2,192.168.3.100
1514,192.168.13.2,192.168.3.100
66,192.168.3.100,192.168.13.2
1514,192.168.13.2,192.168.3.100
1514,192.168.13.2,192.168.3.100
609,192.168.3.100,192.168.13.2
1130,192.168.13.2,192.168.3.100
1514,192.168.13.2,192.168.3.100
1514,192.168.13.2,192.168.3.100
66,192.168.3.100,192.168.13.2
1514,192.168.13.2,192.168.3.100
1514,192.168.13.2,192.168.3.100
66,192.168.3.100,192.168.13.2
558,192.168.13.2,192.168.3.100
1514,192.168.13.2,192.168.3.100
1514,192.168.13.2,192.168.3.100
66,192.168.3.100,192.168.13.2
1514,192.168.13.2,192.168.3.100
66,192.168.3.100,192.168.13.2
1514,192.168.13.2,192.168.3.100
73,192.168.13.2,192.168.3.100
1514,192.168.13.2,192.168.3.100
66,192.168.3.100,192.168.13.2
1514,192.168.13.2,192.168.3.100
1514,192.168.13.2,192.168.3.100
1514,192.168.13.2,192.168.3.100
66,192.168.3.100,192.168.13.2
616,192.168.13.2,192.168.3.100
66,192.168.3.100,192.168.13.2
1514,192.168.13.2,192.168.3.100
1514,192.168.13.2,192.168.3.100
66,192.168.3.100,192.168.13.2
942,192.168.13.2,192.168.3.100
609,192.168.3.100,192.168.13.2
1514,192.168.13.2,192.168.3.100
1514,192.168.13.2,192.168.3.100
66,192.168.3.100,192.168.13.2
312,192.168.13.2,192.168.3.100
1514,192.168.13.2,192.168.3.100
1514,192.168.13.2,192.168.3.100
66,192.168.3.100,192.168.13.2
1514,192.168.13.2,192.168.3.100
1514,192.168.13.2,192.168.3.100
66,192.168.3.100,192.168.13.2
1514,192.168.13.2,192.168.3.100
1224,192.168.13.2,192.168.3.100
66,192.168.3.100,192.168.13.2
1514,192.168.13.2,192.168.3.100
247,192.168.13.2,192.168.3.100
1514,192.168.13.2,192.168.3.100
66,192.168.3.100,192.168.13.2
1514,192.168.13.2,192.168.3.100
1514,192.168.13.2,192.168.3.100
66,192.168.3.100,192.168.13.2
920,192.168.13.2,192.168.3.100
66,192.168.3.100,192.168.13.2
1514,192.168.13.2,192.168.3.100
1514,192.168.13.2,192.168.3.100
66,192.168.3.100,192.168.13.2
913,192.168.13.2,192.168.3.100
1514,192.168.13.2,192.168.3.100
1514,192.168.13.2,192.168.3.100
66,192.168.3.100,192.168.13.2
312,192.168.13.2,192.168.3.100
1514,192.168.13.2,192.168.3.100
1514,192.168.13.2,192.168.3.100
66,192.168.3.100,192.168.13.2
609,192.168.3.100,192.168.13.2
1514,192.168.13.2,192.168.3.100
1514,192.168.13.2,192.168.3.100
66,192.168.3.100,192.168.13.2
558,192.168.13.2,192.168.3.100
1514,192.168.13.2,192.168.3.100
1514,192.168.13.2,192.168.3.100
609,192.168.3.100,192.168.13.2
1514,192.168.13.2,192.168.3.100
1514,192.168.13.2,192.168.3.100
66,192.168.3.100,192.168.13.2
1514,192.168.13.2,192.168.3.100
167,192.168.13.2,192.168.3.100
66,192.168.3.100,192.168.13.2
1514,192.168.13.2,192.168.3.100
1514,192.168.13.2,192.168.3.100
1514,192.168.13.2,192.168.3.100
66,192.168.3.100,192.168.13.2
464,192.168.13.2,192.168.3.100
66,192.168.3.100,192.168.13.2
1514,192.168.13.2,192.168.3.100
1514,192.168.13.2,192.168.3.100
66,192.168.3.100,192.168.13.2
913,192.168.13.2,192.168.3.100
1514,192.168.13.2,192.168.3.100
1514,192.168.13.2,192.168.3.100
66,192.168.3.100,192.168.13.2
1514,192.168.13.2,192.168.3.100
1514,192.168.13.2,192.168.3.100
66,192.168.3.100,192.168.13.2
1514,192.168.13.2,192.168.3.100
609,192.168.3.100,192.168.13.2
167,192.168.13.2,192.168.3.100
1514,192.168.13.2,192.168.3.100
66,192.168.3.100,192.168.13.2
1514,192.168.13.2,192.168.3.100
1514,192.168.13.2,192.168.3.100
66,192.168.3.100,192.168.13.2
1514,192.168.13.2,192.168.3.100
645,192.168.13.2,192.168.3.100
66,192.168.3.100,192.168.13.2
1514,192.168.13.2,192.168.3.100
1514,192.168.13.2,192.168.3.100
1514,192.168.13.2,192.168.3.100
66,192.168.3.100,192.168.13.2
1514,192.168.13.2,192.168.3.100
66,192.168.3.100,192.168.13.2
645,192.168.13.2,192.168.3.100
1514,192.168.13.2,192.168.3.100
66,192.168.3.100,192.168.13.2
761,192.168.13.2,192.168.3.100
1514,192.168.13.2,192.168.3.100
66,192.168.3.100,192.168.13.2
1514,192.168.13.2,192.168.3.100
884,192.168.13.2,192.168.3.100
66,192.168.3.100,192.168.13.2
1514,192.168.13.2,192.168.3.100
761,192.168.13.2,192.168.3.100
66,192.168.3.100,192.168.13.2
1514,192.168.13.2,192.168.3.100
1246,192.168.13.2,192.168.3.100
66,192.168.3.100,192.168.13.2
1152,192.168.13.2,192.168.3.100
609,192.168.3.100,192.168.13.2
1514,192.168.13.2,192.168.3.100
66,192.168.3.100,192.168.13.2
1514,192.168.13.2,192.168.3.100
312,192.168.13.2,192.168.3.100
609,192.168.3.100,192.168.13.2
1514,192.168.13.2,192.168.3.100
1514,192.168.13.2,192.168.3.100
66,192.168.3.100,192.168.13.2
884,192.168.13.2,192.168.3.100
1514,192.168.13.2,192.168.3.100
66,192.168.3.100,192.168.13.2
761,192.168.13.2,192.168.3.100
1514,192.168.13.2,192.168.3.100
1514,192.168.13.2,192.168.3.100
66,192.168.3.100,192.168.13.2
1514,192.168.13.2,192.168.3.100
1514,192.168.13.2,192.168.3.100
66,192.168.3.100,192.168.13.2
616,192.168.13.2,192.168.3.100
1514,192.168.13.2,192.168.3.100
1514,192.168.13.2,192.168.3.100
66,192.168.3.100,192.168.13.2
312,192.168.13.2,192.168.3.100
66,192.168.3.100,192.168.13.2
1514,192.168.13.2,192.168.3.100
1514,192.168.13.2,192.168.3.100
66,192.168.3.100,192.168.13.2
1514,192.168.13.2,192.168.3.100
464,192.168.13.2,192.168.3.100
66,192.168.3.100,192.168.13.2
1514,192.168.13.2,192.168.3.100
218,192.168.13.2,192.168.3.100
1514,192.168.13.2,192.168.3.100
66,192.168.3.100,192.168.13.2
609,192.168.3.100,192.168.13.2
1514,192.168.13.2,192.168.3.100
1514,192.168.13.2,192.168.3.100
66,192.168.3.100,192.168.13.2
1514,192.168.13.2,192.168.3.100
558,192.168.13.2,192.168.3.100
66,192.168.3.100,192.168.13.2
1514,192.168.13.2,192.168.3.100
1514,192.168.13.2,192.168.3.100
66,192.168.3.100,192.168.13.2
855,192.168.13.2,192.168.3.100
1514,192.168.13.2,192.168.3.100
1514,192.168.13.2,192.168.3.100
66,192.168.3.100,192.168.13.2
1514,192.168.13.2,192.168.3.100
1514,192.168.13.2,192.168.3.100
66,192.168.3.100,192.168.13.2
587,192.168.13.2,192.168.3.100
1514,192.168.13.2,192.168.3.100
66,192.168.3.100,192.168.13.2
1514,192.168.13.2,192.168.3.100
1514,192.168.13.2,192.168.3.100
1514,192.168.13.2,192.168.3.100
66,192.168.3.100,192.168.13.2
616,192.168.13.2,192.168.3.100
66,192.168.3.100,192.168.13.2
1514,192.168.13.2,192.168.3.100
1514,192.168.13.2,192.168.3.100
66,192.168.3.100,192.168.13.2
1514,192.168.13.2,192.168.3.100
1514,192.168.13.2,192.168.3.100
66,192.168.3.100,192.168.13.2
609,192.168.3.100,192.168.13.2
587,192.168.13.2,192.168.3.100
1514,192.168.13.2,192.168.3.100
1514,192.168.13.2,192.168.3.100
66,192.168.3.100,192.168.13.2
1514,192.168.13.2,192.168.3.100
609,192.168.3.100,192.168.13.2
1514,192.168.13.2,192.168.3.100
587,192.168.13.2,192.168.3.100
1514,192.168.13.2,192.168.3.100
1514,192.168.13.2,192.168.3.100
66,192.168.3.100,192.168.13.2
66,192.168.3.100,192.168.13.2
1514,192.168.13.2,192.168.3.100
1514,192.168.13.2,192.168.3.100
66,192.168.3.100,192.168.13.2
587,192.168.13.2,192.168.3.100
1514,192.168.13.2,192.168.3.100
66,192.168.3.100,192.168.13.2
1514,192.168.13.2,192.168.3.100
1514,192.168.13.2,192.168.3.100
66,192.168.3.100,192.168.13.2
1514,192.168.13.2,192.168.3.100
645,192.168.13.2,192.168.3.100
1514,192.168.13.2,192.168.3.100
66,192.168.3.100,192.168.13.2
1514,192.168.13.2,192.168.3.100
66,192.168.3.100,192.168.13.2
1514,192.168.13.2,192.168.3.100
1514,192.168.13.2,192.168.3.100
66,192.168.3.100,192.168.13.2
609,192.168.3.100,192.168.13.2
616,192.168.13.2,192.168.3.100
1514,192.168.13.2,192.168.3.100
1514,192.168.13.2,192.168.3.100
66,192.168.3.100,192.168.13.2
1514,192.168.13.2,192.168.3.100
1514,192.168.13.2,192.168.3.100
66,192.168.3.100,192.168.13.2
558,192.168.13.2,192.168.3.100
1514,192.168.13.2,192.168.3.100
1514,192.168.13.2,192.168.3.100
66,192.168.3.100,192.168.13.2
1514,192.168.13.2,192.168.3.100
66,192.168.3.100,192.168.13.2
1514,192.168.13.2,192.168.3.100
1130,192.168.13.2,192.168.3.100
66,192.168.3.100,192.168.13.2
1514,192.168.13.2,192.168.3.100
1514,192.168.13.2,192.168.3.100
66,192.168.3.100,192.168.13.2
1514,192.168.13.2,192.168.3.100
1514,192.168.13.2,192.168.3.100
66,192.168.3.100,192.168.13.2
73,192.168.13.2,192.168.3.100
1514,192.168.13.2,192.168.3.100
1514,192.168.13.2,192.168.3.100
66,192.168.3.100,192.168.13.2
1514,192.168.13.2,192.168.3.100
66,192.168.3.100,192.168.13.2
1514,192.168.13.2,192.168.3.100
587,192.168.13.2,192.168.3.100
1514,192.168.13.2,192.168.3.100
66,192.168.3.100,192.168.13.2
609,192.168.3.100,192.168.13.2
1514,192.168.13.2,192.168.3.100
1514,192.168.13.2,192.168.3.100
1514,192.168.13.2,192.168.3.100
66,192.168.3.100,192.168.13.2
587,192.168.13.2,192.168.3.100
1514,192.168.13.2,192.168.3.100
609,192.168.3.100,192.168.13.2
1514,192.168.13.2,192.168.3.100
1514,192.168.13.2,192.168.3.100
66,192.168.3.100,192.168.13.2
1514,192.168.13.2,192.168.3.100
616,192.168.13.2,192.168.3.100
66,192.168.3.100,192.168.13.2
1514,192.168.13.2,192.168.3.100
1514,192.168.13.2,192.168.3.100
66,192.168.3.100,192.168.13.2
1514,192.168.13.2,192.168.3.100
1514,192.168.13.2,192.168.3.100
66,192.168.3.100,192.168.13.2
558,192.168.13.2,192.168.3.100
1514,192.168.13.2,192.168.3.100
66,192.168.3.100,192.168.13.2
1514,192.168.13.2,192.168.3.100
1514,192.168.13.2,192.168.3.100
1514,192.168.13.2,192.168.3.100
66,192.168.3.100,192.168.13.2
1159,192.168.13.2,192.168.3.100
1514,192.168.13.2,192.168.3.100
66,192.168.3.100,192.168.13.2
609,192.168.3.100,192.168.13.2
1514,192.168.13.2,192.168.3.100
1514,192.168.13.2,192.168.3.100
66,192.168.3.100,192.168.13.2
464,192.168.13.2,192.168.3.100
1514,192.168.13.2,192.168.3.100
1514,192.168.13.2,192.168.3.100
66,192.168.3.100,192.168.13.2
1514,192.168.13.2,192.168.3.100
66,192.168.3.100,192.168.13.2
1514,192.168.13.2,192.168.3.100
1514,192.168.13.2,192.168.3.100
66,192.168.3.100,192.168.13.2
196,192.168.13.2,192.168.3.100
1514,192.168.13.2,192.168.3.100
1514,192.168.13.2,192.168.3.100
66,192.168.3.100,192.168.13.2
1514,192.168.13.2,192.168.3.100
66,192.168.3.100,192.168.13.2
1514,192.168.13.2,192.168.3.100
1514,192.168.13.2,192.168.3.100
1514,192.168.13.2,192.168.3.100
66,192.168.3.100,192.168.13.2
319,192.168.13.2,192.168.3.100
1514,192.168.13.2,192.168.3.100
66,192.168.3.100,192.168.13.2
1514,192.168.13.2,192.168.3.100
66,192.168.3.100,192.168.13.2
1514,192.168.13.2,192.168.3.100
1514,192.168.13.2,192.168.3.100
66,192.168.3.100,192.168.13.2
609,192.168.3.100,192.168.13.2
1130,192.168.13.2,192.168.3.100
1514,192.168.13.2,192.168.3.100
66,192.168.3.100,192.168.13.2
1514,192.168.13.2,192.168.3.100
1514,192.168.13.2,192.168.3.100
1514,192.168.13.2,192.168.3.100
66,192.168.3.100,192.168.13.2
1514,192.168.13.2,192.168.3.100
1514,192.168.13.2,192.168.3.100
609,192.168.3.100,192.168.13.2
891,192.168.13.2,192.168.3.100
66,192.168.3.100,192.168.13.2
1514,192.168.13.2,192.168.3.100
1514,192.168.13.2,192.168.3.100
66,192.168.3.100,192.168.13.2
1514,192.168.13.2,192.168.3.100
1514,192.168.13.2,192.168.3.100
66,192.168.3.100,192.168.13.2
616,192.168.13.2,192.168.3.100
1514,192.168.13.2,192.168.3.100
1514,192.168.13.2,192.168.3.100
66,192.168.3.100,192.168.13.2
1514,192.168.13.2,192.168.3.100
1514,192.168.13.2,192.168.3.100
66,192.168.3.100,192.168.13.2
1514,192.168.13.2,192.168.3.100
1514,192.168.13.2,192.168.3.100
66,192.168.3.100,192.168.13.2
833,192.168.13.2,192.168.3.100
1514,192.168.13.2,192.168.3.100
1514,192.168.13.2,192.168.3.100
66,192.168.3.100,192.168.13.2
609,192.168.3.100,192.168.13.2
1514,192.168.13.2,192.168.3.100
1514,192.168.13.2,192.168.3.100
66,192.168.3.100,192.168.13.2
1514,192.168.13.2,192.168.3.100
1514,192.168.13.2,192.168.3.100
66,192.168.3.100,192.168.13.2
804,192.168.13.2,192.168.3.100
1514,192.168.13.2,192.168.3.100
66,192.168.3.100,192.168.13.2
1514,192.168.13.2,192.168.3.100
1514,192.168.13.2,192.168.3.100
1514,192.168.13.2,192.168.3.100
66,192.168.3.100,192.168.13.2
1159,192.168.13.2,192.168.3.100
1514,192.168.13.2,192.168.3.100
66,192.168.3.100,192.168.13.2
1514,192.168.13.2,192.168.3.100
1514,192.168.13.2,192.168.3.100
1514,192.168.13.2,192.168.3.100
66,192.168.3.100,192.168.13.2
1514,192.168.13.2,192.168.3.100
1514,192.168.13.2,192.168.3.100
66,192.168.3.100,192.168.13.2
319,192.168.13.2,192.168.3.100
1514,192.168.13.2,192.168.3.100
1514,192.168.13.2,192.168.3.100
66,192.168.3.100,192.168.13.2
609,192.168.3.100,192.168.13.2
1514,192.168.13.2,192.168.3.100
1514,192.168.13.2,192.168.3.100
66,192.168.3.100,192.168.13.2
1514,192.168.13.2,192.168.3.100
1514,192.168.13.2,192.168.3.100
66,192.168.3.100,192.168.13.2
862,192.168.13.2,192.168.3.100
1514,192.168.13.2,192.168.3.100
609,192.168.3.100,192.168.13.2
1514,192.168.13.2,192.168.3.100
1514,192.168.13.2,192.168.3.100
1514,192.168.13.2,192.168.3.100
66,192.168.3.100,192.168.13.2
616,192.168.13.2,192.168.3.100
1514,192.168.13.2,192.168.3.100
1514,192.168.13.2,192.168.3.100
66,192.168.3.100,192.168.13.2
1514,192.168.13.2,192.168.3.100
1514,192.168.13.2,192.168.3.100
66,192.168.3.100,192.168.13.2
1514,192.168.13.2,192.168.3.100
1514,192.168.13.2,192.168.3.100
66,192.168.3.100,192.168.13.2
833,192.168.13.2,192.168.3.100
1514,192.168.13.2,192.168.3.100
66,192.168.3.100,192.168.13.2
1514,192.168.13.2,192.168.3.100
609,192.168.3.100,192.168.13.2
1514,192.168.13.2,192.168.3.100
1514,192.168.13.2,192.168.3.100
66,192.168.3.100,192.168.13.2
1514,192.168.13.2,192.168.3.100
1514,192.168.13.2,192.168.3.100
66,192.168.3.100,192.168.13.2
833,192.168.13.2,192.168.3.100
1514,192.168.13.2,192.168.3.100
1514,192.168.13.2,192.168.3.100
66,192.168.3.100,192.168.13.2
1514,192.168.13.2,192.168.3.100
1514,192.168.13.2,192.168.3.100
66,192.168.3.100,192.168.13.2
587,192.168.13.2,192.168.3.100
1514,192.168.13.2,192.168.3.100
66,192.168.3.100,192.168.13.2
1514,192.168.13.2,192.168.3.100
1514,192.168.13.2,192.168.3.100
1514,192.168.13.2,192.168.3.100
66,192.168.3.100,192.168.13.2
587,192.168.13.2,192.168.3.100
1514,192.168.13.2,192.168.3.100
1514,192.168.13.2,192.168.3.100
66,192.168.3.100,192.168.13.2
1514,192.168.13.2,192.168.3.100
1514,192.168.13.2,192.168.3.100
66,192.168.3.100,192.168.13.2
1514,192.168.13.2,192.168.3.100
1514,192.168.13.2,192.168.3.100
804,192.168.13.2,192.168.3.100
66,192.168.3.100,192.168.13.2
609,192.168.3.100,192.168.13.2
1514,192.168.13.2,192.168.3.100
1514,192.168.13.2,192.168.3.100
66,192.168.3.100,192.168.13.2
1514,192.168.13.2,192.168.3.100
66,192.168.3.100,192.168.13.2
1514,192.168.13.2,192.168.3.100
1514,192.168.13.2,192.168.3.100
1514,192.168.13.2,192.168.3.100
66,192.168.3.100,192.168.13.2
833,192.168.13.2,192.168.3.100
1514,192.168.13.2,192.168.3.100
609,192.168.3.100,192.168.13.2
1514,192.168.13.2,192.168.3.100
66,192.168.3.100,192.168.13.2
1514,192.168.13.2,192.168.3.100
1514,192.168.13.2,192.168.3.100
66,192.168.3.100,192.168.13.2
587,192.168.13.2,192.168.3.100
1514,192.168.13.2,192.168.3.100
1514,192.168.13.2,192.168.3.100
66,192.168.3.100,192.168.13.2
1514,192.168.13.2,192.168.3.100
1514,192.168.13.2,192.168.3.100
66,192.168.3.100,192.168.13.2
558,192.168.13.2,192.168.3.100
1514,192.168.13.2,192.168.3.100
1514,192.168.13.2,192.168.3.100
66,192.168.3.100,192.168.13.2
609,192.168.3.100,192.168.13.2
1514,192.168.13.2,192.168.3.100
1514,192.168.13.2,192.168.3.100
66,192.168.3.100,192.168.13.2
1514,192.168.13.2,192.168.3.100
1514,192.168.13.2,192.168.3.100
66,192.168.3.100,192.168.13.2
833,192.168.13.2,192.168.3.100
1514,192.168.13.2,192.168.3.100
1514,192.168.13.2,192.168.3.100
66,192.168.3.100,192.168.13.2
1514,192.168.13.2,192.168.3.100
66,192.168.3.100,192.168.13.2
1514,192.168.13.2,192.168.3.100
587,192.168.13.2,192.168.3.100
1514,192.168.13.2,192.168.3.100
66,192.168.3.100,192.168.13.2
1514,192.168.13.2,192.168.3.100
66,192.168.3.100,192.168.13.2
1514,192.168.13.2,192.168.3.100
1514,192.168.13.2,192.168.3.100
66,192.168.3.100,192.168.13.2
1514,192.168.13.2,192.168.3.100
1514,192.168.13.2,192.168.3.100
66,192.168.3.100,192.168.13.2
862,192.168.13.2,192.168.3.100
1514,192.168.13.2,192.168.3.100
66,192.168.3.100,192.168.13.2
1514,192.168.13.2,192.168.3.100
609,192.168.3.100,192.168.13.2
1514,192.168.13.2,192.168.3.100
1514,192.168.13.2,192.168.3.100
66,192.168.3.100,192.168.13.2
587,192.168.13.2,192.168.3.100
66,192.168.3.100,192.168.13.2
1514,192.168.13.2,192.168.3.100
1514,192.168.13.2,192.168.3.100
66,192.168.3.100,192.168.13.2
1514,192.168.13.2,192.168.3.100
1514,192.168.13.2,192.168.3.100
609,192.168.3.100,192.168.13.2
558,192.168.13.2,192.168.3.100
1514,192.168.13.2,192.168.3.100
1514,192.168.13.2,192.168.3.100
66,192.168.3.100,192.168.13.2
1514,192.168.13.2,192.168.3.100
1514,192.168.13.2,192.168.3.100
66,192.168.3.100,192.168.13.2
558,192.168.13.2,192.168.3.100
1514,192.168.13.2,192.168.3.100
66,192.168.3.100,192.168.13.2
1514,192.168.13.2,192.168.3.100
1514,192.168.13.2,192.168.3.100
1514,192.168.13.2,192.168.3.100
66,192.168.3.100,192.168.13.2
616,192.168.13.2,192.168.3.100
1514,192.168.13.2,192.168.3.100
1514,192.168.13.2,192.168.3.100
66,192.168.3.100,192.168.13.2
1514,192.168.13.2,192.168.3.100
1514,192.168.13.2,192.168.3.100
66,192.168.3.100,192.168.13.2
1514,192.168.13.2,192.168.3.100
1514,192.168.13.2,192.168.3.100
609,192.168.3.100,192.168.13.2
862,192.168.13.2,192.168.3.100
1514,192.168.13.2,192.168.3.100
1514,192.168.13.2,192.168.3.100
66,192.168.3.100,192.168.13.2
1514,192.168.13.2,192.168.3.100
1514,192.168.13.2,192.168.3.100
66,192.168.3.100,192.168.13.2
1514,192.168.13.2,192.168.3.100
1514,192.168.13.2,192.168.3.100
66,192.168.3.100,192.168.13.2
804,192.168.13.2,192.168.3.100
1514,192.168.13.2,192.168.3.100
1514,192.168.13.2,192.168.3.100
66,192.168.3.100,192.168.13.2
1514,192.168.13.2,192.168.3.100
66,192.168.3.100,192.168.13.2
1514,192.168.13.2,192.168.3.100
1514,192.168.13.2,192.168.3.100
1514,192.168.13.2,192.168.3.100
66,192.168.3.100,192.168.13.2
862,192.168.13.2,192.168.3.100
1514,192.168.13.2,192.168.3.100
66,192.168.3.100,192.168.13.2
1514,192.168.13.2,192.168.3.100
609,192.168.3.100,192.168.13.2
1514,192.168.13.2,192.168.3.100
1514,192.168.13.2,192.168.3.100
66,192.168.3.100,192.168.13.2
1514,192.168.13.2,192.168.3.100
1514,192.168.13.2,192.168.3.100
66,192.168.3.100,192.168.13.2
833,192.168.13.2,192.168.3.100
1514,192.168.13.2,192.168.3.100
1514,192.168.13.2,192.168.3.100
609,192.168.3.100,192.168.13.2
1514,192.168.13.2,192.168.3.100
1514,192.168.13.2,192.168.3.100
66,192.168.3.100,192.168.13.2
1514,192.168.13.2,192.168.3.100
1514,192.168.13.2,192.168.3.100
66,192.168.3.100,192.168.13.2
1514,192.168.13.2,192.168.3.100
1514,192.168.13.2,192.168.3.100
66,192.168.3.100,192.168.13.2
1079,192.168.13.2,192.168.3.100
1514,192.168.13.2,192.168.3.100
1514,192.168.13.2,192.168.3.100
66,192.168.3.100,192.168.13.2
1514,192.168.13.2,192.168.3.100
1514,192.168.13.2,192.168.3.100
66,192.168.3.100,192.168.13.2
558,192.168.13.2,192.168.3.100
609,192.168.3.100,192.168.13.2
1514,192.168.13.2,192.168.3.100
66,192.168.3.100,192.168.13.2
1514,192.168.13.2,192.168.3.100
1514,192.168.13.2,192.168.3.100
1514,192.168.13.2,192.168.3.100
66,192.168.3.100,192.168.13.2
1514,192.168.13.2,192.168.3.100
1514,192.168.13.2,192.168.3.100
66,192.168.3.100,192.168.13.2
833,192.168.13.2,192.168.3.100
1514,192.168.13.2,192.168.3.100
1514,192.168.13.2,192.168.3.100
66,192.168.3.100,192.168.13.2
1514,192.168.13.2,192.168.3.100
1514,192.168.13.2,192.168.3.100
66,192.168.3.100,192.168.13.2
1514,192.168.13.2,192.168.3.100
1514,192.168.13.2,192.168.3.100
66,192.168.3.100,192.168.13.2
804,192.168.13.2,192.168.3.100
1514,192.168.13.2,192.168.3.100
1514,192.168.13.2,192.168.3.100
66,192.168.3.100,192.168.13.2
1514,192.168.13.2,192.168.3.100
1514,192.168.13.2,192.168.3.100
66,192.168.3.100,192.168.13.2
1514,192.168.13.2,192.168.3.100
1514,192.168.13.2,192.168.3.100
609,192.168.3.100,192.168.13.2
891,192.168.13.2,192.168.3.100
66,192.168.3.100,192.168.13.2
1514,192.168.13.2,192.168.3.100
1514,192.168.13.2,192.168.3.100
66,192.168.3.100,192.168.13.2
1514,192.168.13.2,192.168.3.100
1514,192.168.13.2,192.168.3.100
66,192.168.3.100,192.168.13.2
1514,192.168.13.2,192.168.3.100
1514,192.168.13.2,192.168.3.100
609,192.168.3.100,192.168.13.2
833,192.168.13.2,192.168.3.100
1514,192.168.13.2,192.168.3.100
66,192.168.3.100,192.168.13.2
1514,192.168.13.2,192.168.3.100
1514,192.168.13.2,192.168.3.100
1514,192.168.13.2,192.168.3.100
66,192.168.3.100,192.168.13.2
1514,192.168.13.2,192.168.3.100
1514,192.168.13.2,192.168.3.100
66,192.168.3.100,192.168.13.2
833,192.168.13.2,192.168.3.100
1514,192.168.13.2,192.168.3.100
66,192.168.3.100,192.168.13.2
1514,192.168.13.2,192.168.3.100
1514,192.168.13.2,192.168.3.100
1514,192.168.13.2,192.168.3.100
66,192.168.3.100,192.168.13.2
609,192.168.3.100,192.168.13.2
1514,192.168.13.2,192.168.3.100
1514,192.168.13.2,192.168.3.100
66,192.168.3.100,192.168.13.2
319,192.168.13.2,192.168.3.100
1514,192.168.13.2,192.168.3.100
1514,192.168.13.2,192.168.3.100
66,192.168.3.100,192.168.13.2
1514,192.168.13.2,192.168.3.100
1514,192.168.13.2,192.168.3.100
66,192.168.3.100,192.168.13.2
1514,192.168.13.2,192.168.3.100
1514,192.168.13.2,192.168.3.100
66,192.168.3.100,192.168.13.2
1376,192.168.13.2,192.168.3.100
1514,192.168.13.2,192.168.3.100
66,192.168.3.100,192.168.13.2
1514,192.168.13.2,192.168.3.100
1514,192.168.13.2,192.168.3.100
1514,192.168.13.2,192.168.3.100
66,192.168.3.100,192.168.13.2
1514,192.168.13.2,192.168.3.100
1514,192.168.13.2,192.168.3.100
66,192.168.3.100,192.168.13.2
891,192.168.13.2,192.168.3.100
66,192.168.3.100,192.168.13.2
1514,192.168.13.2,192.168.3.100
1514,192.168.13.2,192.168.3.100
609,192.168.3.100,192.168.13.2
1514,192.168.13.2,192.168.3.100
1514,192.168.13.2,192.168.3.100
66,192.168.3.100,192.168.13.2
1514,192.168.13.2,192.168.3.100
1514,192.168.13.2,192.168.3.100
66,192.168.3.100,192.168.13.2
833,192.168.13.2,192.168.3.100
1514,192.168.13.2,192.168.3.100
609,192.168.3.100,192.168.13.2
1514,192.168.13.2,192.168.3.100
1514,192.168.13.2,192.168.3.100
1514,192.168.13.2,192.168.3.100
66,192.168.3.100,192.168.13.2
1514,192.168.13.2,192.168.3.100
1514,192.168.13.2,192.168.3.100
66,192.168.3.100,192.168.13.2
891,192.168.13.2,192.168.3.100
1514,192.168.13.2,192.168.3.100
1514,192.168.13.2,192.168.3.100
66,192.168.3.100,192.168.13.2
1514,192.168.13.2,192.168.3.100
1514,192.168.13.2,192.168.3.100
66,192.168.3.100,192.168.13.2
1514,192.168.13.2,192.168.3.100
1514,192.168.13.2,192.168.3.100
66,192.168.3.100,192.168.13.2
804,192.168.13.2,192.168.3.100
1514,192.168.13.2,192.168.3.100
1514,192.168.13.2,192.168.3.100
66,192.168.3.100,192.168.13.2
609,192.168.3.100,192.168.13.2
1514,192.168.13.2,192.168.3.100
1514,192.168.13.2,192.168.3.100
66,192.168.3.100,192.168.13.2
1514,192.168.13.2,192.168.3.100
1514,192.168.13.2,192.168.3.100
66,192.168.3.100,192.168.13.2
862,192.168.13.2,192.168.3.100
1514,192.168.13.2,192.168.3.100
66,192.168.3.100,192.168.13.2
1514,192.168.13.2,192.168.3.100
1514,192.168.13.2,192.168.3.100
1514,192.168.13.2,192.168.3.100
66,192.168.3.100,192.168.13.2
1514,192.168.13.2,192.168.3.100
1514,192.168.13.2,192.168.3.100
66,192.168.3.100,192.168.13.2
862,192.168.13.2,192.168.3.100
1514,192.168.13.2,192.168.3.100
1514,192.168.13.2,192.168.3.100
66,192.168.3.100,192.168.13.2
1514,192.168.13.2,192.168.3.100
66,192.168.3.100,192.168.13.2
1514,192.168.13.2,192.168.3.100
1514,192.168.13.2,192.168.3.100
1514,192.168.13.2,192.168.3.100
66,192.168.3.100,192.168.13.2
609,192.168.3.100,192.168.13.2
1405,192.168.13.2,192.168.3.100
1514,192.168.13.2,192.168.3.100
66,192.168.3.100,192.168.13.2
1514,192.168.13.2,192.168.3.100
1514,192.168.13.2,192.168.3.100
1514,192.168.13.2,192.168.3.100
66,192.168.3.100,192.168.13.2
1514,192.168.13.2,192.168.3.100
1514,192.168.13.2,192.168.3.100
609,192.168.3.100,192.168.13.2
319,192.168.13.2,192.168.3.100
1514,192.168.13.2,192.168.3.100
1514,192.168.13.2,192.168.3.100
66,192.168.3.100,192.168.13.2
1514,192.168.13.2,192.168.3.100
1492,192.168.13.2,192.168.3.100
66,192.168.3.100,192.168.13.2
609,192.168.3.100,192.168.13.2
66,192.168.13.2,192.168.3.100
609,192.168.13.2,192.168.3.100
66,192.168.3.100,192.168.13.2
609,192.168.13.2,192.168.3.100
609,192.168.3.100,192.168.13.2
609,192.168.13.2,192.168.3.100
1514,192.168.13.2,192.168.3.100
1514,192.168.13.2,192.168.3.100
66,192.168.3.100,192.168.13.2
1514,192.168.13.2,192.168.3.100
1514,192.168.13.2,192.168.3.100
66,192.168.3.100,192.168.13.2
1514,192.168.13.2,192.168.3.100
225,192.168.13.2,192.168.3.100
1514,192.168.13.2,192.168.3.100
66,192.168.3.100,192.168.13.2
609,192.168.3.100,192.168.13.2
1514,192.168.13.2,192.168.3.100
1369,192.168.13.2,192.168.3.100
66,192.168.3.100,192.168.13.2
66,192.168.13.2,192.168.3.100
609,192.168.3.100,192.168.13.2
609,192.168.13.2,192.168.3.100
1514,192.168.13.2,192.168.3.100
1514,192.168.13.2,192.168.3.100
66,192.168.3.100,192.168.13.2
1514,192.168.13.2,192.168.3.100
1514,192.168.13.2,192.168.3.100
66,192.168.3.100,192.168.13.2
1130,192.168.13.2,192.168.3.100
1514,192.168.13.2,192.168.3.100
1514,192.168.13.2,192.168.3.100
66,192.168.3.100,192.168.13.2
312,192.168.13.2,192.168.3.100
1514,192.168.13.2,192.168.3.100
1514,192.168.13.2,192.168.3.100
66,192.168.3.100,192.168.13.2
1514,192.168.13.2,192.168.3.100
1492,192.168.13.2,192.168.3.100
66,192.168.3.100,192.168.13.2
1514,192.168.13.2,192.168.3.100
1514,192.168.13.2,192.168.3.100
66,192.168.3.100,192.168.13.2
855,192.168.13.2,192.168.3.100
1514,192.168.13.2,192.168.3.100
1514,192.168.13.2,192.168.3.100
66,192.168.3.100,192.168.13.2
609,192.168.3.100,192.168.13.2
855,192.168.13.2,192.168.3.100
1514,192.168.13.2,192.168.3.100
66,192.168.3.100,192.168.13.2
1246,192.168.13.2,192.168.3.100
609,192.168.3.100,192.168.13.2
1514,192.168.13.2,192.168.3.100
1246,192.168.13.2,192.168.3.100
66,192.168.3.100,192.168.13.2
609,192.168.13.2,192.168.3.100
1514,192.168.13.2,192.168.3.100
66,192.168.3.100,192.168.13.2
732,192.168.13.2,192.168.3.100
1514,192.168.13.2,192.168.3.100
66,192.168.3.100,192.168.13.2
1514,192.168.13.2,192.168.3.100
1514,192.168.13.2,192.168.3.100
66,192.168.3.100,192.168.13.2
493,192.168.13.2,192.168.3.100
1514,192.168.13.2,192.168.3.100
1514,192.168.13.2,192.168.3.100
66,192.168.3.100,192.168.13.2
1340,192.168.13.2,192.168.3.100
1514,192.168.13.2,192.168.3.100
1514,192.168.13.2,192.168.3.100
66,192.168.3.100,192.168.13.2
1514,192.168.13.2,192.168.3.100
435,192.168.13.2,192.168.3.100
66,192.168.3.100,192.168.13.2
1514,192.168.13.2,192.168.3.100
1514,192.168.13.2,192.168.3.100
66,192.168.3.100,192.168.13.2
1514,192.168.13.2,192.168.3.100
1514,192.168.13.2,192.168.3.100
66,192.168.3.100,192.168.13.2
587,192.168.13.2,192.168.3.100
1514,192.168.13.2,192.168.3.100
1514,192.168.13.2,192.168.3.100
609,192.168.3.100,192.168.13.2
1514,192.168.13.2,192.168.3.100
1514,192.168.13.2,192.168.3.100
66,192.168.3.100,192.168.13.2
558,192.168.13.2,192.168.3.100
66,192.168.3.100,192.168.13.2
1514,192.168.13.2,192.168.3.100
1514,192.168.13.2,192.168.3.100
66,192.168.3.100,192.168.13.2
1514,192.168.13.2,192.168.3.100
1514,192.168.13.2,192.168.3.100
66,192.168.3.100,192.168.13.2
587,192.168.13.2,192.168.3.100
1514,192.168.13.2,192.168.3.100
66,192.168.3.100,192.168.13.2
1514,192.168.13.2,192.168.3.100
1514,192.168.13.2,192.168.3.100
1514,192.168.13.2,192.168.3.100
66,192.168.3.100,192.168.13.2
587,192.168.13.2,192.168.3.100
66,192.168.3.100,192.168.13.2
1514,192.168.13.2,192.168.3.100
1514,192.168.13.2,192.168.3.100
66,192.168.3.100,192.168.13.2
1514,192.168.13.2,192.168.3.100
1514,192.168.13.2,192.168.3.100
66,192.168.3.100,192.168.13.2
609,192.168.3.100,192.168.13.2
558,192.168.13.2,192.168.3.100
1514,192.168.13.2,192.168.3.100
1514,192.168.13.2,192.168.3.100
66,192.168.3.100,192.168.13.2
1514,192.168.13.2,192.168.3.100
1514,192.168.13.2,192.168.3.100
66,192.168.3.100,192.168.13.2
587,192.168.13.2,192.168.3.100
609,192.168.3.100,192.168.13.2
1514,192.168.13.2,192.168.3.100
1514,192.168.13.2,192.168.3.100
66,192.168.3.100,192.168.13.2
1514,192.168.13.2,192.168.3.100
1514,192.168.13.2,192.168.3.100
66,192.168.3.100,192.168.13.2
587,192.168.13.2,192.168.3.100
1514,192.168.13.2,192.168.3.100
1514,192.168.13.2,192.168.3.100
66,192.168.3.100,192.168.13.2
1514,192.168.13.2,192.168.3.100
1514,192.168.13.2,192.168.3.100
66,192.168.3.100,192.168.13.2
558,192.168.13.2,192.168.3.100
1514,192.168.13.2,192.168.3.100
1514,192.168.13.2,192.168.3.100
66,192.168.3.100,192.168.13.2
1514,192.168.13.2,192.168.3.100
66,192.168.3.100,192.168.13.2
1492,192.168.13.2,192.168.3.100
609,192.168.3.100,192.168.13.2
66,192.168.13.2,192.168.3.100
609,192.168.3.100,192.168.13.2
609,192.168.13.2,192.168.3.100
1514,192.168.13.2,192.168.3.100
1514,192.168.13.2,192.168.3.100
66,192.168.3.100,192.168.13.2
1514,192.168.13.2,192.168.3.100
1514,192.168.13.2,192.168.3.100
66,192.168.3.100,192.168.13.2
1130,192.168.13.2,192.168.3.100
1514,192.168.13.2,192.168.3.100
1514,192.168.13.2,192.168.3.100
66,192.168.3.100,192.168.13.2
855,192.168.13.2,192.168.3.100
66,192.168.3.100,192.168.13.2
1514,192.168.13.2,192.168.3.100
1217,192.168.13.2,192.168.3.100
66,192.168.3.100,192.168.13.2
1514,192.168.13.2,192.168.3.100
218,192.168.13.2,192.168.3.100
66,192.168.3.100,192.168.13.2
609,192.168.3.100,192.168.13.2
609,192.168.13.2,192.168.3.100
1514,192.168.13.2,192.168.3.100
1514,192.168.13.2,192.168.3.100
66,192.168.3.100,192.168.13.2
1514,192.168.13.2,192.168.3.100
1514,192.168.13.2,192.168.3.100
66,192.168.3.100,192.168.13.2
1130,192.168.13.2,192.168.3.100
1514,192.168.13.2,192.168.3.100
1514,192.168.13.2,192.168.3.100
66,192.168.3.100,192.168.13.2
1514,192.168.13.2,192.168.3.100
1514,192.168.13.2,192.168.3.100
66,192.168.3.100,192.168.13.2
558,192.168.13.2,192.168.3.100
609,192.168.3.100,192.168.13.2
1514,192.168.13.2,192.168.3.100
1514,192.168.13.2,192.168.3.100
66,192.168.3.100,192.168.13.2
1514,192.168.13.2,192.168.3.100
1514,192.168.13.2,192.168.3.100
609,192.168.3.100,192.168.13.2
558,192.168.13.2,192.168.3.100
1514,192.168.13.2,192.168.3.100
1514,192.168.13.2,192.168.3.100
66,192.168.3.100,192.168.13.2
1514,192.168.13.2,192.168.3.100
1463,192.168.13.2,192.168.3.100
66,192.168.3.100,192.168.13.2
609,192.168.13.2,192.168.3.100
1514,192.168.13.2,192.168.3.100
66,192.168.3.100,192.168.13.2
1514,192.168.13.2,192.168.3.100
1514,192.168.13.2,192.168.3.100
66,192.168.3.100,192.168.13.2
920,192.168.13.2,192.168.3.100
1514,192.168.13.2,192.168.3.100
1514,192.168.13.2,192.168.3.100
66,192.168.3.100,192.168.13.2
1398,192.168.13.2,192.168.3.100
1514,192.168.13.2,192.168.3.100
66,192.168.3.100,192.168.13.2
1514,192.168.13.2,192.168.3.100
312,192.168.13.2,192.168.3.100
609,192.168.3.100,192.168.13.2
66,192.168.3.100,192.168.13.2
1514,192.168.13.2,192.168.3.100
1514,192.168.13.2,192.168.3.100
1514,192.168.13.2,192.168.3.100
66,192.168.3.100,192.168.13.2
1514,192.168.13.2,192.168.3.100
66,192.168.3.100,192.168.13.2
558,192.168.13.2,192.168.3.100
1514,192.168.13.2,192.168.3.100
1514,192.168.13.2,192.168.3.100
66,192.168.3.100,192.168.13.2
1514,192.168.13.2,192.168.3.100
1514,192.168.13.2,192.168.3.100
66,192.168.3.100,192.168.13.2
558,192.168.13.2,192.168.3.100
66,192.168.3.100,192.168.13.2
1514,192.168.13.2,192.168.3.100
1514,192.168.13.2,192.168.3.100
66,192.168.3.100,192.168.13.2
1514,192.168.13.2,192.168.3.100
1514,192.168.13.2,192.168.3.100
66,192.168.3.100,192.168.13.2
558,192.168.13.2,192.168.3.100
1514,192.168.13.2,192.168.3.100
1514,192.168.13.2,192.168.3.100
66,192.168.3.100,192.168.13.2
1514,192.168.13.2,192.168.3.100
66,192.168.3.100,192.168.13.2
1492,192.168.13.2,192.168.3.100
609,192.168.3.100,192.168.13.2
1514,192.168.13.2,192.168.3.100
1304,192.168.13.2,192.168.3.100
609,192.168.3.100,192.168.13.2
1514,192.168.13.2,192.168.3.100
1514,192.168.13.2,192.168.3.100
66,192.168.3.100,192.168.13.2
1514,192.168.13.2,192.168.3.100
1492,192.168.13.2,192.168.3.100
66,192.168.3.100,192.168.13.2
1514,192.168.13.2,192.168.3.100
1514,192.168.13.2,192.168.3.100
66,192.168.3.100,192.168.13.2
312,192.168.13.2,192.168.3.100
1514,192.168.13.2,192.168.3.100
1514,192.168.13.2,192.168.3.100
66,192.168.3.100,192.168.13.2
1514,192.168.13.2,192.168.3.100
1514,192.168.13.2,192.168.3.100
66,192.168.3.100,192.168.13.2
558,192.168.13.2,192.168.3.100
1514,192.168.13.2,192.168.3.100
66,192.168.3.100,192.168.13.2
1514,192.168.13.2,192.168.3.100
1514,192.168.13.2,192.168.3.100
1514,192.168.13.2,192.168.3.100
66,192.168.3.100,192.168.13.2
616,192.168.13.2,192.168.3.100
1514,192.168.13.2,192.168.3.100
66,192.168.3.100,192.168.13.2
1514,192.168.13.2,192.168.3.100
609,192.168.3.100,192.168.13.2
1514,192.168.13.2,192.168.3.100
1514,192.168.13.2,192.168.3.100
66,192.168.3.100,192.168.13.2
587,192.168.13.2,192.168.3.100
1514,192.168.13.2,192.168.3.100
1514,192.168.13.2,192.168.3.100
66,192.168.3.100,192.168.13.2
1514,192.168.13.2,192.168.3.100
1514,192.168.13.2,192.168.3.100
66,192.168.3.100,192.168.13.2
587,192.168.13.2,192.168.3.100
1514,192.168.13.2,192.168.3.100
66,192.168.3.100,192.168.13.2
1514,192.168.13.2,192.168.3.100
1514,192.168.13.2,192.168.3.100
1514,192.168.13.2,192.168.3.100
66,192.168.3.100,192.168.13.2
587,192.168.13.2,192.168.3.100
1514,192.168.13.2,192.168.3.100
1514,192.168.13.2,192.168.3.100
66,192.168.3.100,192.168.13.2
1514,192.168.13.2,192.168.3.100
1514,192.168.13.2,192.168.3.100
66,192.168.3.100,192.168.13.2
558,192.168.13.2,192.168.3.100
1514,192.168.13.2,192.168.3.100
1514,192.168.13.2,192.168.3.100
66,192.168.3.100,192.168.13.2
1514,192.168.13.2,192.168.3.100
609,192.168.3.100,192.168.13.2
1514,192.168.13.2,192.168.3.100
587,192.168.13.2,192.168.3.100
66,192.168.3.100,192.168.13.2
1514,192.168.13.2,192.168.3.100
66,192.168.3.100,192.168.13.2
1514,192.168.13.2,192.168.3.100
1514,192.168.13.2,192.168.3.100
1514,192.168.13.2,192.168.3.100
609,192.168.3.100,192.168.13.2
587,192.168.13.2,192.168.3.100
1514,192.168.13.2,192.168.3.100
1514,192.168.13.2,192.168.3.100
66,192.168.3.100,192.168.13.2
1514,192.168.13.2,192.168.3.100
1514,192.168.13.2,192.168.3.100
66,192.168.3.100,192.168.13.2
558,192.168.13.2,192.168.3.100
1514,192.168.13.2,192.168.3.100
1514,192.168.13.2,192.168.3.100
66,192.168.3.100,192.168.13.2
855,192.168.13.2,192.168.3.100
1514,192.168.13.2,192.168.3.100
66,192.168.3.100,192.168.13.2
1514,192.168.13.2,192.168.3.100
1514,192.168.13.2,192.168.3.100
66,192.168.3.100,192.168.13.2
1514,192.168.13.2,192.168.3.100
1514,192.168.13.2,192.168.3.100
66,192.168.3.100,192.168.13.2
609,192.168.3.100,192.168.13.2
1514,192.168.13.2,192.168.3.100
319,192.168.13.2,192.168.3.100
1514,192.168.13.2,192.168.3.100
1514,192.168.13.2,192.168.3.100
66,192.168.3.100,192.168.13.2
66,192.168.3.100,192.168.13.2
1514,192.168.13.2,192.168.3.100
1514,192.168.13.2,192.168.3.100
66,192.168.3.100,192.168.13.2
558,192.168.13.2,192.168.3.100
1514,192.168.13.2,192.168.3.100
1514,192.168.13.2,192.168.3.100
66,192.168.3.100,192.168.13.2
1514,192.168.13.2,192.168.3.100
1514,192.168.13.2,192.168.3.100
66,192.168.3.100,192.168.13.2
558,192.168.13.2,192.168.3.100
1514,192.168.13.2,192.168.3.100
1514,192.168.13.2,192.168.3.100
66,192.168.3.100,192.168.13.2
1514,192.168.13.2,192.168.3.100
1514,192.168.13.2,192.168.3.100
66,192.168.3.100,192.168.13.2
558,192.168.13.2,192.168.3.100
1514,192.168.13.2,192.168.3.100
1514,192.168.13.2,192.168.3.100
66,192.168.3.100,192.168.13.2
1514,192.168.13.2,192.168.3.100
1514,192.168.13.2,192.168.3.100
66,192.168.3.100,192.168.13.2
558,192.168.13.2,192.168.3.100
609,192.168.3.100,192.168.13.2
1514,192.168.13.2,192.168.3.100
66,192.168.3.100,192.168.13.2
1514,192.168.13.2,192.168.3.100
1514,192.168.13.2,192.168.3.100
1514,192.168.13.2,192.168.3.100
66,192.168.3.100,192.168.13.2
587,192.168.13.2,192.168.3.100
609,192.168.3.100,192.168.13.2
1514,192.168.13.2,192.168.3.100
1514,192.168.13.2,192.168.3.100
66,192.168.3.100,192.168.13.2
312,192.168.13.2,192.168.3.100
1514,192.168.13.2,192.168.3.100
66,192.168.3.100,192.168.13.2
1514,192.168.13.2,192.168.3.100
341,192.168.13.2,192.168.3.100
66,192.168.3.100,192.168.13.2
1514,192.168.13.2,192.168.3.100
1514,192.168.13.2,192.168.3.100
66,192.168.3.100,192.168.13.2
1514,192.168.13.2,192.168.3.100
949,192.168.13.2,192.168.3.100
66,192.168.3.100,192.168.13.2
609,192.168.13.2,192.168.3.100
1514,192.168.13.2,192.168.3.100
66,192.168.3.100,192.168.13.2
1246,192.168.13.2,192.168.3.100
1514,192.168.13.2,192.168.3.100
1514,192.168.13.2,192.168.3.100
66,192.168.3.100,192.168.13.2
1514,192.168.13.2,192.168.3.100
1514,192.168.13.2,192.168.3.100
66,192.168.3.100,192.168.13.2
1101,192.168.13.2,192.168.3.100
1514,192.168.13.2,192.168.3.100
1514,192.168.13.2,192.168.3.100
609,192.168.3.100,192.168.13.2
66,192.168.3.100,192.168.13.2
1514,192.168.13.2,192.168.3.100
1514,192.168.13.2,192.168.3.100
66,192.168.3.100,192.168.13.2
558,192.168.13.2,192.168.3.100
1514,192.168.13.2,192.168.3.100
1514,192.168.13.2,192.168.3.100
66,192.168.3.100,192.168.13.2
855,192.168.13.2,192.168.3.100
1514,192.168.13.2,192.168.3.100
66,192.168.3.100,192.168.13.2
1514,192.168.13.2,192.168.3.100
1514,192.168.13.2,192.168.3.100
1514,192.168.13.2,192.168.3.100
66,192.168.3.100,192.168.13.2
558,192.168.13.2,192.168.3.100
66,192.168.3.100,192.168.13.2
1514,192.168.13.2,192.168.3.100
1514,192.168.13.2,192.168.3.100
66,192.168.3.100,192.168.13.2
1514,192.168.13.2,192.168.3.100
1492,192.168.13.2,192.168.3.100
66,192.168.3.100,192.168.13.2
609,192.168.3.100,192.168.13.2
609,192.168.13.2,192.168.3.100
1514,192.168.13.2,192.168.3.100
66,192.168.3.100,192.168.13.2
1514,192.168.13.2,192.168.3.100
1514,192.168.13.2,192.168.3.100
609,192.168.3.100,192.168.13.2
1492,192.168.13.2,192.168.3.100
1514,192.168.13.2,192.168.3.100
66,192.168.3.100,192.168.13.2
1514,192.168.13.2,192.168.3.100
1514,192.168.13.2,192.168.3.100
1514,192.168.13.2,192.168.3.100
66,192.168.3.100,192.168.13.2
587,192.168.13.2,192.168.3.100
1514,192.168.13.2,192.168.3.100
1514,192.168.13.2,192.168.3.100
66,192.168.3.100,192.168.13.2
1514,192.168.13.2,192.168.3.100
1514,192.168.13.2,192.168.3.100
66,192.168.3.100,192.168.13.2
1101,192.168.13.2,192.168.3.100
66,192.168.3.100,192.168.13.2
1514,192.168.13.2,192.168.3.100
1514,192.168.13.2,192.168.3.100
66,192.168.3.100,192.168.13.2
1514,192.168.13.2,192.168.3.100
1514,192.168.13.2,192.168.3.100
66,192.168.3.100,192.168.13.2
587,192.168.13.2,192.168.3.100
1514,192.168.13.2,192.168.3.100
66,192.168.3.100,192.168.13.2
609,192.168.3.100,192.168.13.2
1514,192.168.13.2,192.168.3.100
1514,192.168.13.2,192.168.3.100
1514,192.168.13.2,192.168.3.100
66,192.168.3.100,192.168.13.2
1130,192.168.13.2,192.168.3.100
66,192.168.3.100,192.168.13.2
1514,192.168.13.2,192.168.3.100
1514,192.168.13.2,192.168.3.100
66,192.168.3.100,192.168.13.2
1514,192.168.13.2,192.168.3.100
1514,192.168.13.2,192.168.3.100
66,192.168.3.100,192.168.13.2
73,192.168.13.2,192.168.3.100
1514,192.168.13.2,192.168.3.100
1514,192.168.13.2,192.168.3.100
66,192.168.3.100,192.168.13.2
1514,192.168.13.2,192.168.3.100
1514,192.168.13.2,192.168.3.100
66,192.168.3.100,192.168.13.2
558,192.168.13.2,192.168.3.100
1514,192.168.13.2,192.168.3.100
1514,192.168.13.2,192.168.3.100
66,192.168.3.100,192.168.13.2
1514,192.168.13.2,192.168.3.100
1514,192.168.13.2,192.168.3.100
66,192.168.3.100,192.168.13.2
1514,192.168.13.2,192.168.3.100
1514,192.168.13.2,192.168.3.100
66,192.168.3.100,192.168.13.2
609,192.168.3.100,192.168.13.2
833,192.168.13.2,192.168.3.100
1514,192.168.13.2,192.168.3.100
1514,192.168.13.2,192.168.3.100
66,192.168.3.100,192.168.13.2
1514,192.168.13.2,192.168.3.100
1514,192.168.13.2,192.168.3.100
66,192.168.3.100,192.168.13.2
1514,192.168.13.2,192.168.3.100
1514,192.168.13.2,192.168.3.100
609,192.168.3.100,192.168.13.2
862,192.168.13.2,192.168.3.100
1514,192.168.13.2,192.168.3.100
1514,192.168.13.2,192.168.3.100
66,192.168.3.100,192.168.13.2
1514,192.168.13.2,192.168.3.100
66,192.168.3.100,192.168.13.2
1514,192.168.13.2,192.168.3.100
1514,192.168.13.2,192.168.3.100
1514,192.168.13.2,192.168.3.100
66,192.168.3.100,192.168.13.2
833,192.168.13.2,192.168.3.100
1514,192.168.13.2,192.168.3.100
1514,192.168.13.2,192.168.3.100
66,192.168.3.100,192.168.13.2
1514,192.168.13.2,192.168.3.100
1514,192.168.13.2,192.168.3.100
66,192.168.3.100,192.168.13.2
558,192.168.13.2,192.168.3.100
1514,192.168.13.2,192.168.3.100
1514,192.168.13.2,192.168.3.100
66,192.168.3.100,192.168.13.2
609,192.168.3.100,192.168.13.2
1514,192.168.13.2,192.168.3.100
1514,192.168.13.2,192.168.3.100
66,192.168.3.100,192.168.13.2
558,192.168.13.2,192.168.3.100
1514,192.168.13.2,192.168.3.100
1514,192.168.13.2,192.168.3.100
66,192.168.3.100,192.168.13.2
1514,192.168.13.2,192.168.3.100
1514,192.168.13.2,192.168.3.100
66,192.168.3.100,192.168.13.2
1514,192.168.13.2,192.168.3.100
1514,192.168.13.2,192.168.3.100
66,192.168.3.100,192.168.13.2
804,192.168.13.2,192.168.3.100
1514,192.168.13.2,192.168.3.100
66,192.168.3.100,192.168.13.2
1514,192.168.13.2,192.168.3.100
1514,192.168.13.2,192.168.3.100
1514,192.168.13.2,192.168.3.100
66,192.168.3.100,192.168.13.2
1514,192.168.13.2,192.168.3.100
1514,192.168.13.2,192.168.3.100
66,192.168.3.100,192.168.13.2
862,192.168.13.2,192.168.3.100
1514,192.168.13.2,192.168.3.100
1514,192.168.13.2,192.168.3.100
66,192.168.3.100,192.168.13.2
609,192.168.3.100,192.168.13.2
1514,192.168.13.2,192.168.3.100
1514,192.168.13.2,192.168.3.100
66,192.168.3.100,192.168.13.2
558,192.168.13.2,192.168.3.100
1514,192.168.13.2,192.168.3.100
1514,192.168.13.2,192.168.3.100
66,192.168.3.100,192.168.13.2
1514,192.168.13.2,192.168.3.100
1514,192.168.13.2,192.168.3.100
609,192.168.3.100,192.168.13.2
1514,192.168.13.2,192.168.3.100
1514,192.168.13.2,192.168.3.100
66,192.168.3.100,192.168.13.2
290,192.168.13.2,192.168.3.100
1514,192.168.13.2,192.168.3.100
1514,192.168.13.2,192.168.3.100
66,192.168.3.100,192.168.13.2
1514,192.168.13.2,192.168.3.100
1514,192.168.13.2,192.168.3.100
66,192.168.3.100,192.168.13.2
1130,192.168.13.2,192.168.3.100
1514,192.168.13.2,192.168.3.100
66,192.168.3.100,192.168.13.2
1514,192.168.13.2,192.168.3.100
1514,192.168.13.2,192.168.3.100
66,192.168.3.100,192.168.13.2
1514,192.168.13.2,192.168.3.100
1514,192.168.13.2,192.168.3.100
1514,192.168.13.2,192.168.3.100
66,192.168.3.100,192.168.13.2
609,192.168.3.100,192.168.13.2
290,192.168.13.2,192.168.3.100
1514,192.168.13.2,192.168.3.100
1514,192.168.13.2,192.168.3.100
66,192.168.3.100,192.168.13.2
1514,192.168.13.2,192.168.3.100
1514,192.168.13.2,192.168.3.100
66,192.168.3.100,192.168.13.2
1514,192.168.13.2,192.168.3.100
1514,192.168.13.2,192.168.3.100
66,192.168.3.100,192.168.13.2
804,192.168.13.2,192.168.3.100
66,192.168.3.100,192.168.13.2
1514,192.168.13.2,192.168.3.100
1514,192.168.13.2,192.168.3.100
66,192.168.3.100,192.168.13.2
1514,192.168.13.2,192.168.3.100
1514,192.168.13.2,192.168.3.100
66,192.168.3.100,192.168.13.2
1130,192.168.13.2,192.168.3.100
1514,192.168.13.2,192.168.3.100
1514,192.168.13.2,192.168.3.100
66,192.168.3.100,192.168.13.2
1514,192.168.13.2,192.168.3.100
1514,192.168.13.2,192.168.3.100
66,192.168.3.100,192.168.13.2
1514,192.168.13.2,192.168.3.100
1514,192.168.13.2,192.168.3.100
66,192.168.3.100,192.168.13.2
290,192.168.13.2,192.168.3.100
609,192.168.3.100,192.168.13.2
1514,192.168.13.2,192.168.3.100
1514,192.168.13.2,192.168.3.100
66,192.168.3.100,192.168.13.2
1514,192.168.13.2,192.168.3.100
1514,192.168.13.2,192.168.3.100
66,192.168.3.100,192.168.13.2
1514,192.168.13.2,192.168.3.100
609,192.168.3.100,192.168.13.2
196,192.168.13.2,192.168.3.100
1514,192.168.13.2,192.168.3.100
66,192.168.3.100,192.168.13.2
1514,192.168.13.2,192.168.3.100
1514,192.168.13.2,192.168.3.100
66,192.168.3.100,192.168.13.2
1514,192.168.13.2,192.168.3.100
1514,192.168.13.2,192.168.3.100
1514,192.168.13.2,192.168.3.100
66,192.168.3.100,192.168.13.2
290,192.168.13.2,192.168.3.100
1514,192.168.13.2,192.168.3.100
1514,192.168.13.2,192.168.3.100
66,192.168.3.100,192.168.13.2
1514,192.168.13.2,192.168.3.100
1514,192.168.13.2,192.168.3.100
66,192.168.3.100,192.168.13.2
1514,192.168.13.2,192.168.3.100
1514,192.168.13.2,192.168.3.100
66,192.168.3.100,192.168.13.2
609,192.168.3.100,192.168.13.2
804,192.168.13.2,192.168.3.100
1514,192.168.13.2,192.168.3.100
1514,192.168.13.2,192.168.3.100
66,192.168.3.100,192.168.13.2
1514,192.168.13.2,192.168.3.100
1514,192.168.13.2,192.168.3.100
66,192.168.3.100,192.168.13.2
1514,192.168.13.2,192.168.3.100
1514,192.168.13.2,192.168.3.100
66,192.168.3.100,192.168.13.2
862,192.168.13.2,192.168.3.100
1514,192.168.13.2,192.168.3.100
1514,192.168.13.2,192.168.3.100
66,192.168.3.100,192.168.13.2
1514,192.168.13.2,192.168.3.100
1514,192.168.13.2,192.168.3.100
66,192.168.3.100,192.168.13.2
1514,192.168.13.2,192.168.3.100
1514,192.168.13.2,192.168.3.100
66,192.168.3.100,192.168.13.2
804,192.168.13.2,192.168.3.100
1514,192.168.13.2,192.168.3.100
1514,192.168.13.2,192.168.3.100
66,192.168.3.100,192.168.13.2
1514,192.168.13.2,192.168.3.100
1514,192.168.13.2,192.168.3.100
66,192.168.3.100,192.168.13.2
1514,192.168.13.2,192.168.3.100
1514,192.168.13.2,192.168.3.100
66,192.168.3.100,192.168.13.2
862,192.168.13.2,192.168.3.100
609,192.168.3.100,192.168.13.2
1514,192.168.13.2,192.168.3.100
66,192.168.3.100,192.168.13.2
1514,192.168.13.2,192.168.3.100
1514,192.168.13.2,192.168.3.100
1514,192.168.13.2,192.168.3.100
66,192.168.3.100,192.168.13.2
1514,192.168.13.2,192.168.3.100
1514,192.168.13.2,192.168.3.100
609,192.168.3.100,192.168.13.2
862,192.168.13.2,192.168.3.100
1514,192.168.13.2,192.168.3.100
1514,192.168.13.2,192.168.3.100
66,192.168.3.100,192.168.13.2
1514,192.168.13.2,192.168.3.100
1514,192.168.13.2,192.168.3.100
66,192.168.3.100,192.168.13.2
1130,192.168.13.2,192.168.3.100
1514,192.168.13.2,192.168.3.100
66,192.168.3.100,192.168.13.2
1514,192.168.13.2,192.168.3.100
1514,192.168.13.2,192.168.3.100
66,192.168.3.100,192.168.13.2
1514,192.168.13.2,192.168.3.100
1514,192.168.13.2,192.168.3.100
1514,192.168.13.2,192.168.3.100
609,192.168.3.100,192.168.13.2
66,192.168.3.100,192.168.13.2
319,192.168.13.2,192.168.3.100
1514,192.168.13.2,192.168.3.100
1514,192.168.13.2,192.168.3.100
66,192.168.3.100,192.168.13.2
1514,192.168.13.2,192.168.3.100
1514,192.168.13.2,192.168.3.100
66,192.168.3.100,192.168.13.2
1514,192.168.13.2,192.168.3.100
1514,192.168.13.2,192.168.3.100
66,192.168.3.100,192.168.13.2
833,192.168.13.2,192.168.3.100
66,192.168.3.100,192.168.13.2
1514,192.168.13.2,192.168.3.100
1514,192.168.13.2,192.168.3.100
66,192.168.3.100,192.168.13.2
1514,192.168.13.2,192.168.3.100
1514,192.168.13.2,192.168.3.100
66,192.168.3.100,192.168.13.2
587,192.168.13.2,192.168.3.100
1514,192.168.13.2,192.168.3.100
1514,192.168.13.2,192.168.3.100
66,192.168.3.100,192.168.13.2
1514,192.168.13.2,192.168.3.100
1514,192.168.13.2,192.168.3.100
66,192.168.3.100,192.168.13.2
1514,192.168.13.2,192.168.3.100
1514,192.168.13.2,192.168.3.100
66,192.168.3.100,192.168.13.2
609,192.168.3.100,192.168.13.2
804,192.168.13.2,192.168.3.100
1514,192.168.13.2,192.168.3.100
1514,192.168.13.2,192.168.3.100
66,192.168.3.100,192.168.13.2
1514,192.168.13.2,192.168.3.100
1514,192.168.13.2,192.168.3.100
66,192.168.3.100,192.168.13.2
1514,192.168.13.2,192.168.3.100
1514,192.168.13.2,192.168.3.100
609,192.168.3.100,192.168.13.2
862,192.168.13.2,192.168.3.100
1514,192.168.13.2,192.168.3.100
1514,192.168.13.2,192.168.3.100
66,192.168.3.100,192.168.13.2
1514,192.168.13.2,192.168.3.100
66,192.168.3.100,192.168.13.2
1514,192.168.13.2,192.168.3.100
1514,192.168.13.2,192.168.3.100
1514,192.168.13.2,192.168.3.100
66,192.168.3.100,192.168.13.2
862,192.168.13.2,192.168.3.100
1514,192.168.13.2,192.168.3.100
1514,192.168.13.2,192.168.3.100
66,192.168.3.100,192.168.13.2
1514,192.168.13.2,192.168.3.100
1514,192.168.13.2,192.168.3.100
66,192.168.3.100,192.168.13.2
609,192.168.3.100,192.168.13.2
1514,192.168.13.2,192.168.3.100
1514,192.168.13.2,192.168.3.100
66,192.168.3.100,192.168.13.2
804,192.168.13.2,192.168.3.100
1514,192.168.13.2,192.168.3.100
66,192.168.3.100,192.168.13.2
1514,192.168.13.2,192.168.3.100
1514,192.168.13.2,192.168.3.100
66,192.168.3.100,192.168.13.2
1514,192.168.13.2,192.168.3.100
1514,192.168.13.2,192.168.3.100
1514,192.168.13.2,192.168.3.100
66,192.168.3.100,192.168.13.2
833,192.168.13.2,192.168.3.100
66,192.168.3.100,192.168.13.2
1514,192.168.13.2,192.168.3.100
1514,192.168.13.2,192.168.3.100
66,192.168.3.100,192.168.13.2
1514,192.168.13.2,192.168.3.100
1514,192.168.13.2,192.168.3.100
66,192.168.3.100,192.168.13.2
1514,192.168.13.2,192.168.3.100
1514,192.168.13.2,192.168.3.100
66,192.168.3.100,192.168.13.2
804,192.168.13.2,192.168.3.100
1514,192.168.13.2,192.168.3.100
1514,192.168.13.2,192.168.3.100
66,192.168.3.100,192.168.13.2
1514,192.168.13.2,192.168.3.100
1514,192.168.13.2,192.168.3.100
66,192.168.3.100,192.168.13.2
609,192.168.3.100,192.168.13.2
1514,192.168.13.2,192.168.3.100
1514,192.168.13.2,192.168.3.100
66,192.168.3.100,192.168.13.2
891,192.168.13.2,192.168.3.100
1514,192.168.13.2,192.168.3.100
1514,192.168.13.2,192.168.3.100
66,192.168.3.100,192.168.13.2
1514,192.168.13.2,192.168.3.100
1514,192.168.13.2,192.168.3.100
609,192.168.3.100,192.168.13.2
1514,192.168.13.2,192.168.3.100
1514,192.168.13.2,192.168.3.100
66,192.168.3.100,192.168.13.2
804,192.168.13.2,192.168.3.100
1514,192.168.13.2,192.168.3.100
66,192.168.3.100,192.168.13.2
1514,192.168.13.2,192.168.3.100
1514,192.168.13.2,192.168.3.100
1514,192.168.13.2,192.168.3.100
66,192.168.3.100,192.168.13.2
1514,192.168.13.2,192.168.3.100
66,192.168.3.100,192.168.13.2
1514,192.168.13.2,192.168.3.100
920,192.168.13.2,192.168.3.100
66,192.168.3.100,192.168.13.2
1514,192.168.13.2,192.168.3.100
1514,192.168.13.2,192.168.3.100
66,192.168.3.100,192.168.13.2
609,192.168.3.100,192.168.13.2
1514,192.168.13.2,192.168.3.100
1514,192.168.13.2,192.168.3.100
66,192.168.3.100,192.168.13.2
558,192.168.13.2,192.168.3.100
1514,192.168.13.2,192.168.3.100
1514,192.168.13.2,192.168.3.100
66,192.168.3.100,192.168.13.2
1514,192.168.13.2,192.168.3.100
1514,192.168.13.2,192.168.3.100
66,192.168.3.100,192.168.13.2
1514,192.168.13.2,192.168.3.100
1514,192.168.13.2,192.168.3.100
66,192.168.3.100,192.168.13.2
804,192.168.13.2,192.168.3.100
1514,192.168.13.2,192.168.3.100
66,192.168.3.100,192.168.13.2
1514,192.168.13.2,192.168.3.100
1514,192.168.13.2,192.168.3.100
1514,192.168.13.2,192.168.3.100
66,192.168.3.100,192.168.13.2
1514,192.168.13.2,192.168.3.100
1514,192.168.13.2,192.168.3.100
66,192.168.3.100,192.168.13.2
862,192.168.13.2,192.168.3.100
1514,192.168.13.2,192.168.3.100
1514,192.168.13.2,192.168.3.100
66,192.168.3.100,192.168.13.2
609,192.168.3.100,192.168.13.2
1514,192.168.13.2,192.168.3.100
1514,192.168.13.2,192.168.3.100
66,192.168.3.100,192.168.13.2
1514,192.168.13.2,192.168.3.100
1514,192.168.13.2,192.168.3.100
66,192.168.3.100,192.168.13.2
804,192.168.13.2,192.168.3.100
1514,192.168.13.2,192.168.3.100
66,192.168.3.100,192.168.13.2
1514,192.168.13.2,192.168.3.100
609,192.168.3.100,192.168.13.2
1514,192.168.13.2,192.168.3.100
1514,192.168.13.2,192.168.3.100
66,192.168.3.100,192.168.13.2
1514,192.168.13.2,192.168.3.100
1514,192.168.13.2,192.168.3.100
66,192.168.3.100,192.168.13.2
891,192.168.13.2,192.168.3.100
1514,192.168.13.2,192.168.3.100
1514,192.168.13.2,192.168.3.100
66,192.168.3.100,192.168.13.2
1514,192.168.13.2,192.168.3.100
1514,192.168.13.2,192.168.3.100
66,192.168.3.100,192.168.13.2
1514,192.168.13.2,192.168.3.100
1514,192.168.13.2,192.168.3.100
66,192.168.3.100,192.168.13.2
833,192.168.13.2,192.168.3.100
1514,192.168.13.2,192.168.3.100
66,192.168.3.100,192.168.13.2
1514,192.168.13.2,192.168.3.100
609,192.168.3.100,192.168.13.2
1514,192.168.13.2,192.168.3.100
66,192.168.3.100,192.168.13.2
1514,192.168.13.2,192.168.3.100
1514,192.168.13.2,192.168.3.100
1514,192.168.13.2,192.168.3.100
66,192.168.3.100,192.168.13.2
891,192.168.13.2,192.168.3.100
66,192.168.3.100,192.168.13.2
1514,192.168.13.2,192.168.3.100
1514,192.168.13.2,192.168.3.100
66,192.168.3.100,192.168.13.2
1514,192.168.13.2,192.168.3.100
1514,192.168.13.2,192.168.3.100
66,192.168.3.100,192.168.13.2
1130,192.168.13.2,192.168.3.100
1514,192.168.13.2,192.168.3.100
66,192.168.3.100,192.168.13.2
1514,192.168.13.2,192.168.3.100
1514,192.168.13.2,192.168.3.100
66,192.168.3.100,192.168.13.2
1514,192.168.13.2,192.168.3.100
1514,192.168.13.2,192.168.3.100
66,192.168.3.100,192.168.13.2
1514,192.168.13.2,192.168.3.100
348,192.168.13.2,192.168.3.100
66,192.168.3.100,192.168.13.2
609,192.168.3.100,192.168.13.2
1514,192.168.13.2,192.168.3.100
1514,192.168.13.2,192.168.3.100
66,192.168.3.100,192.168.13.2
1514,192.168.13.2,192.168.3.100
1514,192.168.13.2,192.168.3.100
66,192.168.3.100,192.168.13.2
1514,192.168.13.2,192.168.3.100
1514,192.168.13.2,192.168.3.100
66,192.168.3.100,192.168.13.2
833,192.168.13.2,192.168.3.100
1514,192.168.13.2,192.168.3.100
1514,192.168.13.2,192.168.3.100
609,192.168.3.100,192.168.13.2
1514,192.168.13.2,192.168.3.100
1514,192.168.13.2,192.168.3.100
66,192.168.3.100,192.168.13.2
1514,192.168.13.2,192.168.3.100
1514,192.168.13.2,192.168.3.100
66,192.168.3.100,192.168.13.2
833,192.168.13.2,192.168.3.100
1514,192.168.13.2,192.168.3.100
1514,192.168.13.2,192.168.3.100
66,192.168.3.100,192.168.13.2
1514,192.168.13.2,192.168.3.100
1514,192.168.13.2,192.168.3.100
66,192.168.3.100,192.168.13.2
1514,192.168.13.2,192.168.3.100
1514,192.168.13.2,192.168.3.100
66,192.168.3.100,192.168.13.2
609,192.168.3.100,192.168.13.2
1405,192.168.13.2,192.168.3.100
1514,192.168.13.2,192.168.3.100
66,192.168.3.100,192.168.13.2
1514,192.168.13.2,192.168.3.100
1514,192.168.13.2,192.168.3.100
66,192.168.3.100,192.168.13.2
1514,192.168.13.2,192.168.3.100
1514,192.168.13.2,192.168.3.100
1514,192.168.13.2,192.168.3.100
66,192.168.3.100,192.168.13.2
348,192.168.13.2,192.168.3.100
1514,192.168.13.2,192.168.3.100
66,192.168.3.100,192.168.13.2
1514,192.168.13.2,192.168.3.100
1514,192.168.13.2,192.168.3.100
1514,192.168.13.2,192.168.3.100
66,192.168.3.100,192.168.13.2
1514,192.168.13.2,192.168.3.100
1514,192.168.13.2,192.168.3.100
66,192.168.3.100,192.168.13.2
862,192.168.13.2,192.168.3.100
1514,192.168.13.2,192.168.3.100
66,192.168.3.100,192.168.13.2
1514,192.168.13.2,192.168.3.100
1514,192.168.13.2,192.168.3.100
66,192.168.3.100,192.168.13.2
1514,192.168.13.2,192.168.3.100
1514,192.168.13.2,192.168.3.100
1514,192.168.13.2,192.168.3.100
66,192.168.3.100,192.168.13.2
609,192.168.3.100,192.168.13.2
833,192.168.13.2,192.168.3.100
1514,192.168.13.2,192.168.3.100
66,192.168.3.100,192.168.13.2
1514,192.168.13.2,192.168.3.100
1514,192.168.13.2,192.168.3.100
1514,192.168.13.2,192.168.3.100
66,192.168.3.100,192.168.13.2
1159,192.168.13.2,192.168.3.100
609,192.168.3.100,192.168.13.2
1514,192.168.13.2,192.168.3.100
1514,192.168.13.2,192.168.3.100
1514,192.168.13.2,192.168.3.100
66,192.168.3.100,192.168.13.2
1514,192.168.13.2,192.168.3.100
1514,192.168.13.2,192.168.3.100
1514,192.168.13.2,192.168.3.100
66,192.168.3.100,192.168.13.2
290,192.168.13.2,192.168.3.100
1514,192.168.13.2,192.168.3.100
66,192.168.3.100,192.168.13.2
1514,192.168.13.2,192.168.3.100
1514,192.168.13.2,192.168.3.100
1514,192.168.13.2,192.168.3.100
66,192.168.3.100,192.168.13.2
1514,192.168.13.2,192.168.3.100
1514,192.168.13.2,192.168.3.100
66,192.168.3.100,192.168.13.2
609,192.168.3.100,192.168.13.2
1514,192.168.13.2,192.168.3.100
1514,192.168.13.2,192.168.3.100
66,192.168.3.100,192.168.13.2
1108,192.168.13.2,192.168.3.100
1514,192.168.13.2,192.168.3.100
66,192.168.3.100,192.168.13.2
1514,192.168.13.2,192.168.3.100
1514,192.168.13.2,192.168.3.100
1514,192.168.13.2,192.168.3.100
66,192.168.3.100,192.168.13.2
1514,192.168.13.2,192.168.3.100
1514,192.168.13.2,192.168.3.100
66,192.168.3.100,192.168.13.2
891,192.168.13.2,192.168.3.100
1514,192.168.13.2,192.168.3.100
66,192.168.3.100,192.168.13.2
1514,192.168.13.2,192.168.3.100
1514,192.168.13.2,192.168.3.100
1514,192.168.13.2,192.168.3.100
66,192.168.3.100,192.168.13.2
1514,192.168.13.2,192.168.3.100
1514,192.168.13.2,192.168.3.100
66,192.168.3.100,192.168.13.2
833,192.168.13.2,192.168.3.100
1514,192.168.13.2,192.168.3.100
66,192.168.3.100,192.168.13.2
1514,192.168.13.2,192.168.3.100
341,192.168.13.2,192.168.3.100
66,192.168.3.100,192.168.13.2
609,192.168.3.100,192.168.13.2
66,192.168.13.2,192.168.3.100
1152,192.168.3.100,192.168.13.2
66,192.168.13.2,192.168.3.100
609,192.168.13.2,192.168.3.100
1514,192.168.13.2,192.168.3.100
1514,192.168.13.2,192.168.3.100
66,192.168.3.100,192.168.13.2
1514,192.168.13.2,192.168.3.100
1514,192.168.13.2,192.168.3.100
66,192.168.3.100,192.168.13.2
1130,192.168.13.2,192.168.3.100
1514,192.168.13.2,192.168.3.100
1514,192.168.13.2,192.168.3.100
66,192.168.3.100,192.168.13.2
1514,192.168.13.2,192.168.3.100
1514,192.168.13.2,192.168.3.100
66,192.168.3.100,192.168.13.2
558,192.168.13.2,192.168.3.100
66,192.168.3.100,192.168.13.2
1514,192.168.13.2,192.168.3.100
1514,192.168.13.2,192.168.3.100
66,192.168.3.100,192.168.13.2
1514,192.168.13.2,192.168.3.100
1514,192.168.13.2,192.168.3.100
66,192.168.3.100,192.168.13.2
558,192.168.13.2,192.168.3.100
1514,192.168.13.2,192.168.3.100
1514,192.168.13.2,192.168.3.100
66,192.168.3.100,192.168.13.2
1514,192.168.13.2,192.168.3.100
1514,192.168.13.2,192.168.3.100
66,192.168.3.100,192.168.13.2
558,192.168.13.2,192.168.3.100
609,192.168.3.100,192.168.13.2
1514,192.168.13.2,192.168.3.100
1514,192.168.13.2,192.168.3.100
66,192.168.3.100,192.168.13.2
1514,192.168.13.2,192.168.3.100
1514,192.168.13.2,192.168.3.100
66,192.168.3.100,192.168.13.2
66,192.168.13.2,192.168.3.100
587,192.168.13.2,192.168.3.100
1514,192.168.13.2,192.168.3.100
1514,192.168.13.2,192.168.3.100
66,192.168.3.100,192.168.13.2
1514,192.168.13.2,192.168.3.100
1514,192.168.13.2,192.168.3.100
66,192.168.3.100,192.168.13.2
558,192.168.13.2,192.168.3.100
66,192.168.3.100,192.168.13.2
1514,192.168.13.2,192.168.3.100
1514,192.168.13.2,192.168.3.100
66,192.168.3.100,192.168.13.2
1514,192.168.13.2,192.168.3.100
1514,192.168.13.2,192.168.3.100
66,192.168.3.100,192.168.13.2
587,192.168.13.2,192.168.3.100
1514,192.168.13.2,192.168.3.100
1514,192.168.13.2,192.168.3.100
66,192.168.3.100,192.168.13.2
1514,192.168.13.2,192.168.3.100
1007,192.168.13.2,192.168.3.100
66,192.168.3.100,192.168.13.2
609,192.168.3.100,192.168.13.2
66,192.168.13.2,192.168.3.100
609,192.168.3.100,192.168.13.2
609,192.168.13.2,192.168.3.100
1514,192.168.13.2,192.168.3.100
66,192.168.3.100,192.168.13.2
609,192.168.3.100,192.168.13.2
247,192.168.13.2,192.168.3.100
66,192.168.3.100,192.168.13.2
66,192.168.13.2,192.168.3.100
609,192.168.3.100,192.168.13.2
609,192.168.13.2,192.168.3.100
66,192.168.3.100,192.168.13.2
609,192.168.13.2,192.168.3.100
1514,192.168.13.2,192.168.3.100
1514,192.168.13.2,192.168.3.100
66,192.168.3.100,192.168.13.2
1369,192.168.13.2,192.168.3.100
66,192.168.3.100,192.168.13.2
609,192.168.3.100,192.168.13.2
609,192.168.13.2,192.168.3.100
1514,192.168.13.2,192.168.3.100
1514,192.168.13.2,192.168.3.100
66,192.168.3.100,192.168.13.2
1514,192.168.13.2,192.168.3.100
1514,192.168.13.2,192.168.3.100
66,192.168.3.100,192.168.13.2
1130,192.168.13.2,192.168.3.100
609,192.168.3.100,192.168.13.2
609,192.168.13.2,192.168.3.100
1514,192.168.13.2,192.168.3.100
1514,192.168.13.2,192.168.3.100
66,192.168.3.100,192.168.13.2
1514,192.168.13.2,192.168.3.100
978,192.168.13.2,192.168.3.100
66,192.168.3.100,192.168.13.2
609,192.168.13.2,192.168.3.100
1514,192.168.13.2,192.168.3.100
1514,192.168.13.2,192.168.3.100
66,192.168.3.100,192.168.13.2
1340,192.168.13.2,192.168.3.100
66,192.168.3.100,192.168.13.2
609,192.168.13.2,192.168.3.100
1514,192.168.13.2,192.168.3.100
1514,192.168.13.2,192.168.3.100
66,192.168.3.100,192.168.13.2
609,192.168.3.100,192.168.13.2
1340,192.168.13.2,192.168.3.100
1514,192.168.13.2,192.168.3.100
1514,192.168.13.2,192.168.3.100
66,192.168.3.100,192.168.13.2
1514,192.168.13.2,192.168.3.100
464,192.168.13.2,192.168.3.100
66,192.168.3.100,192.168.13.2
609,192.168.13.2,192.168.3.100
1514,192.168.13.2,192.168.3.100
1514,192.168.13.2,192.168.3.100
66,192.168.3.100,192.168.13.2
1514,192.168.13.2,192.168.3.100
949,192.168.13.2,192.168.3.100
66,192.168.3.100,192.168.13.2
609,192.168.3.100,192.168.13.2
609,192.168.13.2,192.168.3.100
1514,192.168.13.2,192.168.3.100
1514,192.168.13.2,192.168.3.100
66,192.168.3.100,192.168.13.2
1514,192.168.13.2,192.168.3.100
978,192.168.13.2,192.168.3.100
1514,192.168.13.2,192.168.3.100
1514,192.168.13.2,192.168.3.100
66,192.168.3.100,192.168.13.2
66,192.168.3.100,192.168.13.2
1514,192.168.13.2,192.168.3.100
435,192.168.13.2,192.168.3.100
66,192.168.3.100,192.168.13.2
1514,192.168.13.2,192.168.3.100
1514,192.168.13.2,192.168.3.100
66,192.168.3.100,192.168.13.2
1514,192.168.13.2,192.168.3.100
435,192.168.13.2,192.168.3.100
66,192.168.3.100,192.168.13.2
1514,192.168.13.2,192.168.3.100
1514,192.168.13.2,192.168.3.100
66,192.168.3.100,192.168.13.2
609,192.168.3.100,192.168.13.2
1340,192.168.13.2,192.168.3.100
1514,192.168.13.2,192.168.3.100
1514,192.168.13.2,192.168.3.100
609,192.168.3.100,192.168.13.2
1514,192.168.13.2,192.168.3.100
978,192.168.13.2,192.168.3.100
66,192.168.3.100,192.168.13.2
1514,192.168.13.2,192.168.3.100
1514,192.168.13.2,192.168.3.100
66,192.168.3.100,192.168.13.2
1514,192.168.13.2,192.168.3.100
464,192.168.13.2,192.168.3.100
66,192.168.3.100,192.168.13.2
1514,192.168.13.2,192.168.3.100
1514,192.168.13.2,192.168.3.100
66,192.168.3.100,192.168.13.2
1514,192.168.13.2,192.168.3.100
435,192.168.13.2,192.168.3.100
66,192.168.3.100,192.168.13.2
1514,192.168.13.2,192.168.3.100
1514,192.168.13.2,192.168.3.100
66,192.168.3.100,192.168.13.2
1514,192.168.13.2,192.168.3.100
435,192.168.13.2,192.168.3.100
66,192.168.3.100,192.168.13.2
1514,192.168.13.2,192.168.3.100
1514,192.168.13.2,192.168.3.100
66,192.168.3.100,192.168.13.2
609,192.168.3.100,192.168.13.2
1514,192.168.13.2,192.168.3.100
464,192.168.13.2,192.168.3.100
66,192.168.3.100,192.168.13.2
609,192.168.13.2,192.168.3.100
1514,192.168.13.2,192.168.3.100
1514,192.168.13.2,192.168.3.100
66,192.168.3.100,192.168.13.2
1514,192.168.13.2,192.168.3.100
1514,192.168.13.2,192.168.3.100
66,192.168.3.100,192.168.13.2
1514,192.168.13.2,192.168.3.100
623,192.168.13.2,192.168.3.100
66,192.168.3.100,192.168.13.2
1514,192.168.13.2,192.168.3.100
1514,192.168.13.2,192.168.3.100
66,192.168.3.100,192.168.13.2
1514,192.168.13.2,192.168.3.100
464,192.168.13.2,192.168.3.100
66,192.168.3.100,192.168.13.2
609,192.168.3.100,192.168.13.2
609,192.168.13.2,192.168.3.100
1514,192.168.13.2,192.168.3.100
1514,192.168.13.2,192.168.3.100
66,192.168.3.100,192.168.13.2
1514,192.168.13.2,192.168.3.100
1514,192.168.13.2,192.168.3.100
66,192.168.3.100,192.168.13.2
1130,192.168.13.2,192.168.3.100
609,192.168.3.100,192.168.13.2
1514,192.168.13.2,192.168.3.100
1514,192.168.13.2,192.168.3.100
66,192.168.3.100,192.168.13.2
1514,192.168.13.2,192.168.3.100
1514,192.168.13.2,192.168.3.100
558,192.168.13.2,192.168.3.100
66,192.168.3.100,192.168.13.2
609,192.168.3.100,192.168.13.2
1514,192.168.13.2,192.168.3.100
1514,192.168.13.2,192.168.3.100
66,192.168.3.100,192.168.13.2
1514,192.168.13.2,192.168.3.100
1514,192.168.13.2,192.168.3.100
66,192.168.3.100,192.168.13.2
558,192.168.13.2,192.168.3.100
1514,192.168.13.2,192.168.3.100
1514,192.168.13.2,192.168.3.100
66,192.168.3.100,192.168.13.2
1514,192.168.13.2,192.168.3.100
1514,192.168.13.2,192.168.3.100
66,192.168.3.100,192.168.13.2
558,192.168.13.2,192.168.3.100
1514,192.168.13.2,192.168.3.100
1514,192.168.13.2,192.168.3.100
66,192.168.3.100,192.168.13.2
1514,192.168.13.2,192.168.3.100
1514,192.168.13.2,192.168.3.100
66,192.168.3.100,192.168.13.2
558,192.168.13.2,192.168.3.100
1514,192.168.13.2,192.168.3.100
1514,192.168.13.2,192.168.3.100
66,192.168.3.100,192.168.13.2
1514,192.168.13.2,192.168.3.100
1514,192.168.13.2,192.168.3.100
66,192.168.3.100,192.168.13.2
558,192.168.13.2,192.168.3.100
609,192.168.3.100,192.168.13.2
1514,192.168.13.2,192.168.3.100
1514,192.168.13.2,192.168.3.100
66,192.168.3.100,192.168.13.2
1514,192.168.13.2,192.168.3.100
1514,192.168.13.2,192.168.3.100
66,192.168.3.100,192.168.13.2
558,192.168.13.2,192.168.3.100
1514,192.168.13.2,192.168.3.100
1514,192.168.13.2,192.168.3.100
66,192.168.3.100,192.168.13.2
1514,192.168.13.2,192.168.3.100
1514,192.168.13.2,192.168.3.100
66,192.168.3.100,192.168.13.2
558,192.168.13.2,192.168.3.100
1514,192.168.13.2,192.168.3.100
1514,192.168.13.2,192.168.3.100
66,192.168.3.100,192.168.13.2
1514,192.168.13.2,192.168.3.100
1514,192.168.13.2,192.168.3.100
66,192.168.3.100,192.168.13.2
558,192.168.13.2,192.168.3.100
66,192.168.3.100,192.168.13.2
1514,192.168.13.2,192.168.3.100
1514,192.168.13.2,192.168.3.100
66,192.168.3.100,192.168.13.2
1514,192.168.13.2,192.168.3.100
1514,192.168.13.2,192.168.3.100
66,192.168.3.100,192.168.13.2
558,192.168.13.2,192.168.3.100
609,192.168.3.100,192.168.13.2
1514,192.168.13.2,192.168.3.100
1514,192.168.13.2,192.168.3.100
66,192.168.3.100,192.168.13.2
1514,192.168.13.2,192.168.3.100
1514,192.168.13.2,192.168.3.100
66,192.168.3.100,192.168.13.2
616,192.168.13.2,192.168.3.100
609,192.168.3.100,192.168.13.2
1514,192.168.13.2,192.168.3.100
1514,192.168.13.2,192.168.3.100
66,192.168.3.100,192.168.13.2
341,192.168.13.2,192.168.3.100
1514,192.168.13.2,192.168.3.100
1514,192.168.13.2,192.168.3.100
66,192.168.3.100,192.168.13.2
1514,192.168.13.2,192.168.3.100
1514,192.168.13.2,192.168.3.100
66,192.168.3.100,192.168.13.2
558,192.168.13.2,192.168.3.100
1514,192.168.13.2,192.168.3.100
1514,192.168.13.2,192.168.3.100
66,192.168.3.100,192.168.13.2
1514,192.168.13.2,192.168.3.100
66,192.168.3.100,192.168.13.2
1514,192.168.13.2,192.168.3.100
587,192.168.13.2,192.168.3.100
1514,192.168.13.2,192.168.3.100
66,192.168.3.100,192.168.13.2
1514,192.168.13.2,192.168.3.100
66,192.168.3.100,192.168.13.2
609,192.168.3.100,192.168.13.2
1514,192.168.13.2,192.168.3.100
1514,192.168.13.2,192.168.3.100
66,192.168.3.100,192.168.13.2
587,192.168.13.2,192.168.3.100
1514,192.168.13.2,192.168.3.100
1514,192.168.13.2,192.168.3.100
66,192.168.3.100,192.168.13.2
1514,192.168.13.2,192.168.3.100
1514,192.168.13.2,192.168.3.100
66,192.168.3.100,192.168.13.2
558,192.168.13.2,192.168.3.100
1514,192.168.13.2,192.168.3.100
66,192.168.3.100,192.168.13.2
1514,192.168.13.2,192.168.3.100
855,192.168.13.2,192.168.3.100
66,192.168.3.100,192.168.13.2
1514,192.168.13.2,192.168.3.100
218,192.168.13.2,192.168.3.100
66,192.168.3.100,192.168.13.2
609,192.168.3.100,192.168.13.2
609,192.168.13.2,192.168.3.100
1514,192.168.13.2,192.168.3.100
66,192.168.3.100,192.168.13.2
1275,192.168.13.2,192.168.3.100
609,192.168.3.100,192.168.13.2
609,192.168.13.2,192.168.3.100
1514,192.168.13.2,192.168.3.100
1514,192.168.13.2,192.168.3.100
66,192.168.3.100,192.168.13.2
1514,192.168.13.2,192.168.3.100
1514,192.168.13.2,192.168.3.100
66,192.168.3.100,192.168.13.2
1130,192.168.13.2,192.168.3.100
1514,192.168.13.2,192.168.3.100
1514,192.168.13.2,192.168.3.100
609,192.168.3.100,192.168.13.2
66,192.168.3.100,192.168.13.2
1514,192.168.13.2,192.168.3.100
1514,192.168.13.2,192.168.3.100
66,192.168.3.100,192.168.13.2
587,192.168.13.2,192.168.3.100
609,192.168.3.100,192.168.13.2
1514,192.168.13.2,192.168.3.100
1514,192.168.13.2,192.168.3.100
66,192.168.3.100,192.168.13.2
312,192.168.13.2,192.168.3.100
1514,192.168.13.2,192.168.3.100
1514,192.168.13.2,192.168.3.100
66,192.168.3.100,192.168.13.2
1514,192.168.13.2,192.168.3.100
1514,192.168.13.2,192.168.3.100
66,192.168.3.100,192.168.13.2
558,192.168.13.2,192.168.3.100
1514,192.168.13.2,192.168.3.100
1514,192.168.13.2,192.168.3.100
66,192.168.3.100,192.168.13.2
855,192.168.13.2,192.168.3.100
66,192.168.3.100,192.168.13.2
1514,192.168.13.2,192.168.3.100
1514,192.168.13.2,192.168.3.100
1514,192.168.13.2,192.168.3.100
66,192.168.3.100,192.168.13.2
1463,192.168.13.2,192.168.3.100
66,192.168.3.100,192.168.13.2
1514,192.168.13.2,192.168.3.100
1514,192.168.13.2,192.168.3.100
609,192.168.3.100,192.168.13.2
312,192.168.13.2,192.168.3.100
66,192.168.3.100,192.168.13.2
1514,192.168.13.2,192.168.3.100
1514,192.168.13.2,192.168.3.100
66,192.168.3.100,192.168.13.2
312,192.168.13.2,192.168.3.100
1514,192.168.13.2,192.168.3.100
1514,192.168.13.2,192.168.3.100
66,192.168.3.100,192.168.13.2
1514,192.168.13.2,192.168.3.100
1463,192.168.13.2,192.168.3.100
66,192.168.3.100,192.168.13.2
609,192.168.13.2,192.168.3.100
1514,192.168.13.2,192.168.3.100
66,192.168.3.100,192.168.13.2
1514,192.168.13.2,192.168.3.100
312,192.168.13.2,192.168.3.100
66,192.168.3.100,192.168.13.2
609,192.168.13.2,192.168.3.100
1514,192.168.13.2,192.168.3.100
66,192.168.3.100,192.168.13.2
1514,192.168.13.2,192.168.3.100
1514,192.168.13.2,192.168.3.100
66,192.168.3.100,192.168.13.2
920,192.168.13.2,192.168.3.100
1514,192.168.13.2,192.168.3.100
1514,192.168.13.2,192.168.3.100
66,192.168.3.100,192.168.13.2
1514,192.168.13.2,192.168.3.100
1514,192.168.13.2,192.168.3.100
66,192.168.3.100,192.168.13.2
1514,192.168.13.2,192.168.3.100
1514,192.168.13.2,192.168.3.100
609,192.168.3.100,192.168.13.2
261,192.168.13.2,192.168.3.100
1514,192.168.13.2,192.168.3.100
1514,192.168.13.2,192.168.3.100
66,192.168.3.100,192.168.13.2
855,192.168.13.2,192.168.3.100
609,192.168.3.100,192.168.13.2
1152,192.168.13.2,192.168.3.100
1514,192.168.13.2,192.168.3.100
66,192.168.3.100,192.168.13.2
1514,192.168.13.2,192.168.3.100
1514,192.168.13.2,192.168.3.100
66,192.168.3.100,192.168.13.2
920,192.168.13.2,192.168.3.100
1514,192.168.13.2,192.168.3.100
66,192.168.3.100,192.168.13.2
1514,192.168.13.2,192.168.3.100
312,192.168.13.2,192.168.3.100
1514,192.168.13.2,192.168.3.100
66,192.168.3.100,192.168.13.2
1514,192.168.13.2,192.168.3.100
66,192.168.3.100,192.168.13.2
1514,192.168.13.2,192.168.3.100
1514,192.168.13.2,192.168.3.100
66,192.168.3.100,192.168.13.2
558,192.168.13.2,192.168.3.100
1514,192.168.13.2,192.168.3.100
1514,192.168.13.2,192.168.3.100
66,192.168.3.100,192.168.13.2
1514,192.168.13.2,192.168.3.100
1514,192.168.13.2,192.168.3.100
66,192.168.3.100,192.168.13.2
558,192.168.13.2,192.168.3.100
1514,192.168.13.2,192.168.3.100
1514,192.168.13.2,192.168.3.100
609,192.168.3.100,192.168.13.2
66,192.168.3.100,192.168.13.2
1514,192.168.13.2,192.168.3.100
1514,192.168.13.2,192.168.3.100
66,192.168.3.100,192.168.13.2
1514,192.168.13.2,192.168.3.100
1514,192.168.13.2,192.168.3.100
66,192.168.3.100,192.168.13.2
1347,192.168.13.2,192.168.3.100
1514,192.168.13.2,192.168.3.100
1514,192.168.13.2,192.168.3.100
66,192.168.3.100,192.168.13.2
1514,192.168.13.2,192.168.3.100
1514,192.168.13.2,192.168.3.100
66,192.168.3.100,192.168.13.2
558,192.168.13.2,192.168.3.100
66,192.168.3.100,192.168.13.2
1514,192.168.13.2,192.168.3.100
732,192.168.13.2,192.168.3.100
66,192.168.3.100,192.168.13.2
609,192.168.13.2,192.168.3.100
1514,192.168.13.2,192.168.3.100
66,192.168.3.100,192.168.13.2
790,192.168.13.2,192.168.3.100
1514,192.168.13.2,192.168.3.100
1514,192.168.13.2,192.168.3.100
66,192.168.3.100,192.168.13.2
609,192.168.3.100,192.168.13.2
855,192.168.13.2,192.168.3.100
1514,192.168.13.2,192.168.3.100
1514,192.168.13.2,192.168.3.100
66,192.168.3.100,192.168.13.2
1514,192.168.13.2,192.168.3.100
609,192.168.3.100,192.168.13.2
1514,192.168.13.2,192.168.3.100
1514,192.168.13.2,192.168.3.100
66,192.168.3.100,192.168.13.2
1166,192.168.13.2,192.168.3.100
1514,192.168.13.2,192.168.3.100
1514,192.168.13.2,192.168.3.100
66,192.168.3.100,192.168.13.2
1514,192.168.13.2,192.168.3.100
1514,192.168.13.2,192.168.3.100
1514,192.168.13.2,192.168.3.100
66,192.168.3.100,192.168.13.2
1195,192.168.13.2,192.168.3.100
66,192.168.3.100,192.168.13.2
1514,192.168.13.2,192.168.3.100
1514,192.168.13.2,192.168.3.100
66,192.168.3.100,192.168.13.2
1340,192.168.13.2,192.168.3.100
1514,192.168.13.2,192.168.3.100
1514,192.168.13.2,192.168.3.100
66,192.168.3.100,192.168.13.2
1340,192.168.13.2,192.168.3.100
1514,192.168.13.2,192.168.3.100
1514,192.168.13.2,192.168.3.100
609,192.168.3.100,192.168.13.2
66,192.168.3.100,192.168.13.2
1514,192.168.13.2,192.168.3.100
1514,192.168.13.2,192.168.3.100
1514,192.168.13.2,192.168.3.100
66,192.168.3.100,192.168.13.2
1195,192.168.13.2,192.168.3.100
66,192.168.3.100,192.168.13.2
1514,192.168.13.2,192.168.3.100
1514,192.168.13.2,192.168.3.100
66,192.168.3.100,192.168.13.2
826,192.168.13.2,192.168.3.100
1514,192.168.13.2,192.168.3.100
1514,192.168.13.2,192.168.3.100
66,192.168.3.100,192.168.13.2
826,192.168.13.2,192.168.3.100
66,192.168.3.100,192.168.13.2
609,192.168.3.100,192.168.13.2
609,192.168.13.2,192.168.3.100
1514,192.168.13.2,192.168.3.100
1514,192.168.13.2,192.168.3.100
66,192.168.3.100,192.168.13.2
1514,192.168.13.2,192.168.3.100
1514,192.168.13.2,192.168.3.100
66,192.168.3.100,192.168.13.2
1130,192.168.13.2,192.168.3.100
1514,192.168.13.2,192.168.3.100
1514,192.168.13.2,192.168.3.100
66,192.168.3.100,192.168.13.2
1514,192.168.13.2,192.168.3.100
66,192.168.3.100,192.168.13.2
1514,192.168.13.2,192.168.3.100
587,192.168.13.2,192.168.3.100
609,192.168.3.100,192.168.13.2
1514,192.168.13.2,192.168.3.100
1514,192.168.13.2,192.168.3.100
66,192.168.3.100,192.168.13.2
1514,192.168.13.2,192.168.3.100
1514,192.168.13.2,192.168.3.100
609,192.168.3.100,192.168.13.2
558,192.168.13.2,192.168.3.100
66,192.168.3.100,192.168.13.2
1514,192.168.13.2,192.168.3.100
1514,192.168.13.2,192.168.3.100
66,192.168.3.100,192.168.13.2
826,192.168.13.2,192.168.3.100
609,192.168.3.100,192.168.13.2
609,192.168.13.2,192.168.3.100
1514,192.168.13.2,192.168.3.100
1514,192.168.13.2,192.168.3.100
66,192.168.3.100,192.168.13.2
1514,192.168.13.2,192.168.3.100
1514,192.168.13.2,192.168.3.100
66,192.168.3.100,192.168.13.2
1159,192.168.13.2,192.168.3.100
1514,192.168.13.2,192.168.3.100
1514,192.168.13.2,192.168.3.100
66,192.168.3.100,192.168.13.2
1514,192.168.13.2,192.168.3.100
1514,192.168.13.2,192.168.3.100
66,192.168.3.100,192.168.13.2
558,192.168.13.2,192.168.3.100
1514,192.168.13.2,192.168.3.100
1514,192.168.13.2,192.168.3.100
66,192.168.3.100,192.168.13.2
609,192.168.3.100,192.168.13.2
1514,192.168.13.2,192.168.3.100
1514,192.168.13.2,192.168.3.100
66,192.168.3.100,192.168.13.2
558,192.168.13.2,192.168.3.100
66,192.168.3.100,192.168.13.2
1514,192.168.13.2,192.168.3.100
1514,192.168.13.2,192.168.3.100
66,192.168.3.100,192.168.13.2
312,192.168.13.2,192.168.3.100
1514,192.168.13.2,192.168.3.100
1514,192.168.13.2,192.168.3.100
66,192.168.3.100,192.168.13.2
855,192.168.13.2,192.168.3.100
66,192.168.3.100,192.168.13.2
1514,192.168.13.2,192.168.3.100
1514,192.168.13.2,192.168.3.100
1514,192.168.13.2,192.168.3.100
66,192.168.3.100,192.168.13.2
920,192.168.13.2,192.168.3.100
66,192.168.3.100,192.168.13.2
1514,192.168.13.2,192.168.3.100
1514,192.168.13.2,192.168.3.100
66,192.168.3.100,192.168.13.2
884,192.168.13.2,192.168.3.100
1514,192.168.13.2,192.168.3.100
1514,192.168.13.2,192.168.3.100
66,192.168.3.100,192.168.13.2
1514,192.168.13.2,192.168.3.100
1514,192.168.13.2,192.168.3.100
66,192.168.3.100,192.168.13.2
558,192.168.13.2,192.168.3.100
609,192.168.3.100,192.168.13.2
1514,192.168.13.2,192.168.3.100
1514,192.168.13.2,192.168.3.100
66,192.168.3.100,192.168.13.2
1514,192.168.13.2,192.168.3.100
1514,192.168.13.2,192.168.3.100
66,192.168.3.100,192.168.13.2
558,192.168.13.2,192.168.3.100
609,192.168.3.100,192.168.13.2
1514,192.168.13.2,192.168.3.100
1514,192.168.13.2,192.168.3.100
66,192.168.3.100,192.168.13.2
855,192.168.13.2,192.168.3.100
1514,192.168.13.2,192.168.3.100
66,192.168.3.100,192.168.13.2
1514,192.168.13.2,192.168.3.100
1514,192.168.13.2,192.168.3.100
66,192.168.3.100,192.168.13.2
1492,192.168.13.2,192.168.3.100
1514,192.168.13.2,192.168.3.100
1514,192.168.13.2,192.168.3.100
66,192.168.3.100,192.168.13.2
1514,192.168.13.2,192.168.3.100
1514,192.168.13.2,192.168.3.100
66,192.168.3.100,192.168.13.2
558,192.168.13.2,192.168.3.100
1514,192.168.13.2,192.168.3.100
1514,192.168.13.2,192.168.3.100
66,192.168.3.100,192.168.13.2
609,192.168.3.100,192.168.13.2
1514,192.168.13.2,192.168.3.100
949,192.168.13.2,192.168.3.100
66,192.168.3.100,192.168.13.2
609,192.168.13.2,192.168.3.100
66,192.168.3.100,192.168.13.2
609,192.168.13.2,192.168.3.100
609,192.168.3.100,192.168.13.2
609,192.168.13.2,192.168.3.100
66,192.168.3.100,192.168.13.2
609,192.168.13.2,192.168.3.100
609,192.168.3.100,192.168.13.2
609,192.168.13.2,192.168.3.100
66,192.168.3.100,192.168.13.2
609,192.168.13.2,192.168.3.100
609,192.168.3.100,192.168.13.2
609,192.168.13.2,192.168.3.100
1514,192.168.13.2,192.168.3.100
1514,192.168.13.2,192.168.3.100
66,192.168.3.100,192.168.13.2
1514,192.168.13.2,192.168.3.100
1492,192.168.13.2,192.168.3.100
66,192.168.3.100,192.168.13.2
609,192.168.13.2,192.168.3.100
1514,192.168.13.2,192.168.3.100
1514,192.168.13.2,192.168.3.100
66,192.168.3.100,192.168.13.2
1514,192.168.13.2,192.168.3.100
1514,192.168.13.2,192.168.3.100
66,192.168.3.100,192.168.13.2
1130,192.168.13.2,192.168.3.100
1514,192.168.13.2,192.168.3.100
1514,192.168.13.2,192.168.3.100
66,192.168.3.100,192.168.13.2
1514,192.168.13.2,192.168.3.100
1514,192.168.13.2,192.168.3.100
66,192.168.3.100,192.168.13.2
558,192.168.13.2,192.168.3.100
609,192.168.3.100,192.168.13.2
1514,192.168.13.2,192.168.3.100
1514,192.168.13.2,192.168.3.100
66,192.168.3.100,192.168.13.2
1514,192.168.13.2,192.168.3.100
1514,192.168.13.2,192.168.3.100
66,192.168.3.100,192.168.13.2
558,192.168.13.2,192.168.3.100
609,192.168.3.100,192.168.13.2
609,192.168.13.2,192.168.3.100
1514,192.168.13.2,192.168.3.100
66,192.168.3.100,192.168.13.2
1514,192.168.13.2,192.168.3.100
1514,192.168.13.2,192.168.3.100
66,192.168.3.100,192.168.13.2
1463,192.168.13.2,192.168.3.100
1514,192.168.13.2,192.168.3.100
1514,192.168.13.2,192.168.3.100
66,192.168.3.100,192.168.13.2
1514,192.168.13.2,192.168.3.100
1514,192.168.13.2,192.168.3.100
66,192.168.3.100,192.168.13.2
558,192.168.13.2,192.168.3.100
1514,192.168.13.2,192.168.3.100
1514,192.168.13.2,192.168.3.100
66,192.168.3.100,192.168.13.2
1514,192.168.13.2,192.168.3.100
1514,192.168.13.2,192.168.3.100
66,192.168.3.100,192.168.13.2
587,192.168.13.2,192.168.3.100
1514,192.168.13.2,192.168.3.100
1514,192.168.13.2,192.168.3.100
66,192.168.3.100,192.168.13.2
609,192.168.3.100,192.168.13.2
1514,192.168.13.2,192.168.3.100
1514,192.168.13.2,192.168.3.100
66,192.168.3.100,192.168.13.2
558,192.168.13.2,192.168.3.100
1514,192.168.13.2,192.168.3.100
1514,192.168.13.2,192.168.3.100
66,192.168.3.100,192.168.13.2
1514,192.168.13.2,192.168.3.100
1514,192.168.13.2,192.168.3.100
66,192.168.3.100,192.168.13.2
558,192.168.13.2,192.168.3.100
1514,192.168.13.2,192.168.3.100
1514,192.168.13.2,192.168.3.100
66,192.168.3.100,192.168.13.2
1514,192.168.13.2,192.168.3.100
1514,192.168.13.2,192.168.3.100
66,192.168.3.100,192.168.13.2
558,192.168.13.2,192.168.3.100
66,192.168.3.100,192.168.13.2
1514,192.168.13.2,192.168.3.100
1514,192.168.13.2,192.168.3.100
66,192.168.3.100,192.168.13.2
1514,192.168.13.2,192.168.3.100
1514,192.168.13.2,192.168.3.100
66,192.168.3.100,192.168.13.2
558,192.168.13.2,192.168.3.100
1514,192.168.13.2,192.168.3.100
1514,192.168.13.2,192.168.3.100
66,192.168.3.100,192.168.13.2
609,192.168.3.100,192.168.13.2
312,192.168.13.2,192.168.3.100
1514,192.168.13.2,192.168.3.100
1514,192.168.13.2,192.168.3.100
66,192.168.3.100,192.168.13.2
609,192.168.3.100,192.168.13.2
855,192.168.13.2,192.168.3.100
1514,192.168.13.2,192.168.3.100
66,192.168.3.100,192.168.13.2
1514,192.168.13.2,192.168.3.100
1514,192.168.13.2,192.168.3.100
66,192.168.3.100,192.168.13.2
1514,192.168.13.2,192.168.3.100
558,192.168.13.2,192.168.3.100
66,192.168.3.100,192.168.13.2
1514,192.168.13.2,192.168.3.100
1514,192.168.13.2,192.168.3.100
1514,192.168.13.2,192.168.3.100
66,192.168.3.100,192.168.13.2
1492,192.168.13.2,192.168.3.100
66,192.168.3.100,192.168.13.2
1514,192.168.13.2,192.168.3.100
1514,192.168.13.2,192.168.3.100
66,192.168.3.100,192.168.13.2
312,192.168.13.2,192.168.3.100
1514,192.168.13.2,192.168.3.100
66,192.168.3.100,192.168.13.2
1514,192.168.13.2,192.168.3.100
341,192.168.13.2,192.168.3.100
66,192.168.3.100,192.168.13.2
1514,192.168.13.2,192.168.3.100
1514,192.168.13.2,192.168.3.100
66,192.168.3.100,192.168.13.2
312,192.168.13.2,192.168.3.100
609,192.168.3.100,192.168.13.2
1514,192.168.13.2,192.168.3.100
1514,192.168.13.2,192.168.3.100
66,192.168.3.100,192.168.13.2
1514,192.168.13.2,192.168.3.100
66,192.168.3.100,192.168.13.2
1492,192.168.13.2,192.168.3.100
1514,192.168.13.2,192.168.3.100
1514,192.168.13.2,192.168.3.100
66,192.168.3.100,192.168.13.2
1398,192.168.13.2,192.168.3.100
1514,192.168.13.2,192.168.3.100
66,192.168.3.100,192.168.13.2
1514,192.168.13.2,192.168.3.100
1514,192.168.13.2,192.168.3.100
66,192.168.3.100,192.168.13.2
1463,192.168.13.2,192.168.3.100
1514,192.168.13.2,192.168.3.100
1514,192.168.13.2,192.168.3.100
66,192.168.3.100,192.168.13.2
1514,192.168.13.2,192.168.3.100
1514,192.168.13.2,192.168.3.100
66,192.168.3.100,192.168.13.2
558,192.168.13.2,192.168.3.100
1514,192.168.13.2,192.168.3.100
66,192.168.3.100,192.168.13.2
1246,192.168.13.2,192.168.3.100
609,192.168.3.100,192.168.13.2
609,192.168.13.2,192.168.3.100
1514,192.168.13.2,192.168.3.100
609,192.168.3.100,192.168.13.2
1514,192.168.13.2,192.168.3.100
66,192.168.3.100,192.168.13.2
341,192.168.13.2,192.168.3.100
1514,192.168.13.2,192.168.3.100
66,192.168.3.100,192.168.13.2
1514,192.168.13.2,192.168.3.100
1514,192.168.13.2,192.168.3.100
1463,192.168.13.2,192.168.3.100
66,192.168.3.100,192.168.13.2
1514,192.168.13.2,192.168.3.100
1514,192.168.13.2,192.168.3.100
66,192.168.3.100,192.168.13.2
1514,192.168.13.2,192.168.3.100
1514,192.168.13.2,192.168.3.100
66,192.168.3.100,192.168.13.2
558,192.168.13.2,192.168.3.100
1514,192.168.13.2,192.168.3.100
1514,192.168.13.2,192.168.3.100
66,192.168.3.100,192.168.13.2
1514,192.168.13.2,192.168.3.100
1514,192.168.13.2,192.168.3.100
66,192.168.3.100,192.168.13.2
587,192.168.13.2,192.168.3.100
1514,192.168.13.2,192.168.3.100
1514,192.168.13.2,192.168.3.100
66,192.168.3.100,192.168.13.2
1514,192.168.13.2,192.168.3.100
1514,192.168.13.2,192.168.3.100
66,192.168.3.100,192.168.13.2
558,192.168.13.2,192.168.3.100
609,192.168.3.100,192.168.13.2
1514,192.168.13.2,192.168.3.100
1514,192.168.13.2,192.168.3.100
66,192.168.3.100,192.168.13.2
312,192.168.13.2,192.168.3.100
1514,192.168.13.2,192.168.3.100
66,192.168.3.100,192.168.13.2
1514,192.168.13.2,192.168.3.100
855,192.168.13.2,192.168.3.100
66,192.168.3.100,192.168.13.2
1514,192.168.13.2,192.168.3.100
1217,192.168.13.2,192.168.3.100
66,192.168.3.100,192.168.13.2
1514,192.168.13.2,192.168.3.100
1514,192.168.13.2,192.168.3.100
66,192.168.3.100,192.168.13.2
312,192.168.13.2,192.168.3.100
1514,192.168.13.2,192.168.3.100
1514,192.168.13.2,192.168.3.100
66,192.168.3.100,192.168.13.2
312,192.168.13.2,192.168.3.100
1514,192.168.13.2,192.168.3.100
66,192.168.3.100,192.168.13.2
1514,192.168.13.2,192.168.3.100
341,192.168.13.2,192.168.3.100
66,192.168.3.100,192.168.13.2
1514,192.168.13.2,192.168.3.100
1514,192.168.13.2,192.168.3.100
66,192.168.3.100,192.168.13.2
1514,192.168.13.2,192.168.3.100
1514,192.168.13.2,192.168.3.100
66,192.168.3.100,192.168.13.2
558,192.168.13.2,192.168.3.100
1514,192.168.13.2,192.168.3.100
1514,192.168.13.2,192.168.3.100
66,192.168.3.100,192.168.13.2
609,192.168.3.100,192.168.13.2
1514,192.168.13.2,192.168.3.100
1514,192.168.13.2,192.168.3.100
66,192.168.3.100,192.168.13.2
1514,192.168.13.2,192.168.3.100
1514,192.168.13.2,192.168.3.100
66,192.168.3.100,192.168.13.2
1514,192.168.13.2,192.168.3.100
1514,192.168.13.2,192.168.3.100
66,192.168.3.100,192.168.13.2
1050,192.168.13.2,192.168.3.100
1514,192.168.13.2,192.168.3.100
1514,192.168.13.2,192.168.3.100
609,192.168.3.100,192.168.13.2
1514,192.168.13.2,192.168.3.100
66,192.168.3.100,192.168.13.2
1514,192.168.13.2,192.168.3.100
1514,192.168.13.2,192.168.3.100
1514,192.168.13.2,192.168.3.100
66,192.168.3.100,192.168.13.2
862,192.168.13.2,192.168.3.100
66,192.168.3.100,192.168.13.2
1514,192.168.13.2,192.168.3.100
1514,192.168.13.2,192.168.3.100
66,192.168.3.100,192.168.13.2
1514,192.168.13.2,192.168.3.100
1514,192.168.13.2,192.168.3.100
66,192.168.3.100,192.168.13.2
609,192.168.3.100,192.168.13.2
1514,192.168.13.2,192.168.3.100
1514,192.168.13.2,192.168.3.100
66,192.168.3.100,192.168.13.2
1514,192.168.13.2,192.168.3.100
1514,192.168.13.2,192.168.3.100
66,192.168.3.100,192.168.13.2
1050,192.168.13.2,192.168.3.100
1514,192.168.13.2,192.168.3.100
1514,192.168.13.2,192.168.3.100
66,192.168.3.100,192.168.13.2
1514,192.168.13.2,192.168.3.100
1514,192.168.13.2,192.168.3.100
66,192.168.3.100,192.168.13.2
1514,192.168.13.2,192.168.3.100
1514,192.168.13.2,192.168.3.100
66,192.168.3.100,192.168.13.2
1514,192.168.13.2,192.168.3.100
1514,192.168.13.2,192.168.3.100
66,192.168.3.100,192.168.13.2
1514,192.168.13.2,192.168.3.100
1514,192.168.13.2,192.168.3.100
66,192.168.3.100,192.168.13.2
1514,192.168.13.2,192.168.3.100
1514,192.168.13.2,192.168.3.100
66,192.168.3.100,192.168.13.2
1514,192.168.13.2,192.168.3.100
609,192.168.3.100,192.168.13.2
1514,192.168.13.2,192.168.3.100
1514,192.168.13.2,192.168.3.100
66,192.168.3.100,192.168.13.2
1514,192.168.13.2,192.168.3.100
1514,192.168.13.2,192.168.3.100
66,192.168.3.100,192.168.13.2
1187,192.168.13.2,192.168.3.100
66,192.168.3.100,192.168.13.2
1514,192.168.13.2,192.168.3.100
1514,192.168.13.2,192.168.3.100
66,192.168.3.100,192.168.13.2
1514,192.168.13.2,192.168.3.100
1514,192.168.13.2,192.168.3.100
66,192.168.3.100,192.168.13.2
1514,192.168.13.2,192.168.3.100
1514,192.168.13.2,192.168.3.100
66,192.168.3.100,192.168.13.2
1514,192.168.13.2,192.168.3.100
1514,192.168.13.2,192.168.3.100
66,192.168.3.100,192.168.13.2
1514,192.168.13.2,192.168.3.100
1514,192.168.13.2,192.168.3.100
66,192.168.3.100,192.168.13.2
1514,192.168.13.2,192.168.3.100
1514,192.168.13.2,192.168.3.100
66,192.168.3.100,192.168.13.2
1514,192.168.13.2,192.168.3.100
1514,192.168.13.2,192.168.3.100
1514,192.168.13.2,192.168.3.100
66,192.168.3.100,192.168.13.2
1514,192.168.13.2,192.168.3.100
1514,192.168.13.2,192.168.3.100
66,192.168.3.100,192.168.13.2
1514,192.168.13.2,192.168.3.100
1514,192.168.13.2,192.168.3.100
66,192.168.3.100,192.168.13.2
1514,192.168.13.2,192.168.3.100
1514,192.168.13.2,192.168.3.100
1152,192.168.3.100,192.168.13.2
1514,192.168.13.2,192.168.3.100
1514,192.168.13.2,192.168.3.100
66,192.168.3.100,192.168.13.2
1514,192.168.13.2,192.168.3.100
1514,192.168.13.2,192.168.3.100
66,192.168.3.100,192.168.13.2
1514,192.168.13.2,192.168.3.100
1514,192.168.13.2,192.168.3.100
66,192.168.3.100,192.168.13.2
1476,192.168.13.2,192.168.3.100
1514,192.168.13.2,192.168.3.100
66,192.168.3.100,192.168.13.2
1514,192.168.13.2,192.168.3.100
1514,192.168.13.2,192.168.3.100
1514,192.168.13.2,192.168.3.100
66,192.168.3.100,192.168.13.2
1514,192.168.13.2,192.168.3.100
1514,192.168.13.2,192.168.3.100
66,192.168.3.100,192.168.13.2
1514,192.168.13.2,192.168.3.100
1514,192.168.13.2,192.168.3.100
66,192.168.3.100,192.168.13.2
1195,192.168.13.2,192.168.3.100
1152,192.168.3.100,192.168.13.2
66,192.168.13.2,192.168.3.100
609,192.168.3.100,192.168.13.2
66,192.168.13.2,192.168.3.100
609,192.168.13.2,192.168.3.100
1514,192.168.13.2,192.168.3.100
1514,192.168.13.2,192.168.3.100
66,192.168.3.100,192.168.13.2
1514,192.168.13.2,192.168.3.100
1514,192.168.13.2,192.168.3.100
66,192.168.3.100,192.168.13.2
587,192.168.13.2,192.168.3.100
1514,192.168.13.2,192.168.3.100
1514,192.168.13.2,192.168.3.100
66,192.168.3.100,192.168.13.2
1514,192.168.13.2,192.168.3.100
1514,192.168.13.2,192.168.3.100
66,192.168.3.100,192.168.13.2
587,192.168.13.2,192.168.3.100
1514,192.168.13.2,192.168.3.100
1514,192.168.13.2,192.168.3.100
66,192.168.3.100,192.168.13.2
1514,192.168.13.2,192.168.3.100
1514,192.168.13.2,192.168.3.100
66,192.168.3.100,192.168.13.2
587,192.168.13.2,192.168.3.100
609,192.168.3.100,192.168.13.2
1514,192.168.13.2,192.168.3.100
1514,192.168.13.2,192.168.3.100
66,192.168.3.100,192.168.13.2
1514,192.168.13.2,192.168.3.100
1514,192.168.13.2,192.168.3.100
66,192.168.3.100,192.168.13.2
1514,192.168.13.2,192.168.3.100
1253,192.168.13.2,192.168.3.100
66,192.168.3.100,192.168.13.2
609,192.168.3.100,192.168.13.2
609,192.168.13.2,192.168.3.100
1514,192.168.13.2,192.168.3.100
1514,192.168.13.2,192.168.3.100
66,192.168.3.100,192.168.13.2
1514,192.168.13.2,192.168.3.100
1514,192.168.13.2,192.168.3.100
66,192.168.3.100,192.168.13.2
1130,192.168.13.2,192.168.3.100
1514,192.168.13.2,192.168.3.100
1514,192.168.13.2,192.168.3.100
66,192.168.3.100,192.168.13.2
1514,192.168.13.2,192.168.3.100
1514,192.168.13.2,192.168.3.100
66,192.168.3.100,192.168.13.2
558,192.168.13.2,192.168.3.100
66,192.168.3.100,192.168.13.2
1514,192.168.13.2,192.168.3.100
1514,192.168.13.2,192.168.3.100
66,192.168.3.100,192.168.13.2
609,192.168.3.100,192.168.13.2
855,192.168.13.2,192.168.3.100
1514,192.168.13.2,192.168.3.100
66,192.168.3.100,192.168.13.2
1514,192.168.13.2,192.168.3.100
1514,192.168.13.2,192.168.3.100
609,192.168.3.100,192.168.13.2
1514,192.168.13.2,192.168.3.100
1514,192.168.13.2,192.168.3.100
66,192.168.3.100,192.168.13.2
1514,192.168.13.2,192.168.3.100
261,192.168.13.2,192.168.3.100
1514,192.168.13.2,192.168.3.100
1514,192.168.13.2,192.168.3.100
66,192.168.3.100,192.168.13.2
66,192.168.3.100,192.168.13.2
1514,192.168.13.2,192.168.3.100
1514,192.168.13.2,192.168.3.100
66,192.168.3.100,192.168.13.2
558,192.168.13.2,192.168.3.100
1514,192.168.13.2,192.168.3.100
1514,192.168.13.2,192.168.3.100
66,192.168.3.100,192.168.13.2
1514,192.168.13.2,192.168.3.100
1514,192.168.13.2,192.168.3.100
66,192.168.3.100,192.168.13.2
558,192.168.13.2,192.168.3.100
1514,192.168.13.2,192.168.3.100
1514,192.168.13.2,192.168.3.100
66,192.168.3.100,192.168.13.2
1514,192.168.13.2,192.168.3.100
1514,192.168.13.2,192.168.3.100
66,192.168.3.100,192.168.13.2
558,192.168.13.2,192.168.3.100
609,192.168.3.100,192.168.13.2
1514,192.168.13.2,192.168.3.100
1514,192.168.13.2,192.168.3.100
66,192.168.3.100,192.168.13.2
1514,192.168.13.2,192.168.3.100
1514,192.168.13.2,192.168.3.100
66,192.168.3.100,192.168.13.2
1072,192.168.13.2,192.168.3.100
66,192.168.3.100,192.168.13.2
1152,192.168.13.2,192.168.3.100
66,192.168.3.100,192.168.13.2
609,192.168.3.100,192.168.13.2
609,192.168.13.2,192.168.3.100
1514,192.168.13.2,192.168.3.100
1514,192.168.13.2,192.168.3.100
66,192.168.3.100,192.168.13.2
1514,192.168.13.2,192.168.3.100
1514,192.168.13.2,192.168.3.100
66,192.168.3.100,192.168.13.2
1130,192.168.13.2,192.168.3.100
1514,192.168.13.2,192.168.3.100
1514,192.168.13.2,192.168.3.100
66,192.168.3.100,192.168.13.2
1514,192.168.13.2,192.168.3.100
1514,192.168.13.2,192.168.3.100
66,192.168.3.100,192.168.13.2
558,192.168.13.2,192.168.3.100
66,192.168.3.100,192.168.13.2
609,192.168.13.2,192.168.3.100
609,192.168.3.100,192.168.13.2
1514,192.168.13.2,192.168.3.100
66,192.168.3.100,192.168.13.2
1514,192.168.13.2,192.168.3.100
1514,192.168.13.2,192.168.3.100
66,192.168.3.100,192.168.13.2
1514,192.168.13.2,192.168.3.100
609,192.168.3.100,192.168.13.2
558,192.168.13.2,192.168.3.100
1514,192.168.13.2,192.168.3.100
66,192.168.3.100,192.168.13.2
1514,192.168.13.2,192.168.3.100
1514,192.168.13.2,192.168.3.100
66,192.168.3.100,192.168.13.2
406,192.168.13.2,192.168.3.100
66,192.168.3.100,192.168.13.2
1152,192.168.13.2,192.168.3.100
66,192.168.3.100,192.168.13.2
609,192.168.3.100,192.168.13.2
609,192.168.13.2,192.168.3.100
1514,192.168.13.2,192.168.3.100
1514,192.168.13.2,192.168.3.100
66,192.168.3.100,192.168.13.2
1514,192.168.13.2,192.168.3.100
1514,192.168.13.2,192.168.3.100
66,192.168.3.100,192.168.13.2
1130,192.168.13.2,192.168.3.100
1514,192.168.13.2,192.168.3.100
1514,192.168.13.2,192.168.3.100
66,192.168.3.100,192.168.13.2
1514,192.168.13.2,192.168.3.100
1514,192.168.13.2,192.168.3.100
66,192.168.3.100,192.168.13.2
558,192.168.13.2,192.168.3.100
66,192.168.3.100,192.168.13.2
1514,192.168.13.2,192.168.3.100
1514,192.168.13.2,192.168.3.100
609,192.168.3.100,192.168.13.2
312,192.168.13.2,192.168.3.100
1514,192.168.13.2,192.168.3.100
1514,192.168.13.2,192.168.3.100
66,192.168.3.100,192.168.13.2
1514,192.168.13.2,192.168.3.100
1514,192.168.13.2,192.168.3.100
66,192.168.3.100,192.168.13.2
558,192.168.13.2,192.168.3.100
66,192.168.3.100,192.168.13.2
1514,192.168.13.2,192.168.3.100
1514,192.168.13.2,192.168.3.100
66,192.168.3.100,192.168.13.2
312,192.168.13.2,192.168.3.100
1514,192.168.13.2,192.168.3.100
1514,192.168.13.2,192.168.3.100
66,192.168.3.100,192.168.13.2
1514,192.168.13.2,192.168.3.100
1514,192.168.13.2,192.168.3.100
66,192.168.3.100,192.168.13.2
558,192.168.13.2,192.168.3.100
66,192.168.3.100,192.168.13.2
1514,192.168.13.2,192.168.3.100
1514,192.168.13.2,192.168.3.100
66,192.168.3.100,192.168.13.2
312,192.168.13.2,192.168.3.100
1514,192.168.13.2,192.168.3.100
1514,192.168.13.2,192.168.3.100
66,192.168.3.100,192.168.13.2
855,192.168.13.2,192.168.3.100
66,192.168.3.100,192.168.13.2
1514,192.168.13.2,192.168.3.100
1514,192.168.13.2,192.168.3.100
66,192.168.3.100,192.168.13.2
826,192.168.13.2,192.168.3.100
609,192.168.3.100,192.168.13.2
66,192.168.13.2,192.168.3.100
609,192.168.3.100,192.168.13.2
66,192.168.13.2,192.168.3.100
609,192.168.3.100,192.168.13.2
609,192.168.13.2,192.168.3.100
1514,192.168.13.2,192.168.3.100
1514,192.168.13.2,192.168.3.100
66,192.168.3.100,192.168.13.2
1514,192.168.13.2,192.168.3.100
1514,192.168.13.2,192.168.3.100
66,192.168.3.100,192.168.13.2
1130,192.168.13.2,192.168.3.100
1514,192.168.13.2,192.168.3.100
1514,192.168.13.2,192.168.3.100
66,192.168.3.100,192.168.13.2
312,192.168.13.2,192.168.3.100
66,192.168.3.100,192.168.13.2
1514,192.168.13.2,192.168.3.100
1514,192.168.13.2,192.168.3.100
66,192.168.3.100,192.168.13.2
1514,192.168.13.2,192.168.3.100
1463,192.168.13.2,192.168.3.100
66,192.168.3.100,192.168.13.2
1152,192.168.13.2,192.168.3.100
1514,192.168.13.2,192.168.3.100
66,192.168.3.100,192.168.13.2
1514,192.168.13.2,192.168.3.100
1514,192.168.13.2,192.168.3.100
66,192.168.3.100,192.168.13.2
1463,192.168.13.2,192.168.3.100
1514,192.168.13.2,192.168.3.100
1514,192.168.13.2,192.168.3.100
66,192.168.3.100,192.168.13.2
609,192.168.3.100,192.168.13.2
1514,192.168.13.2,192.168.3.100
1514,192.168.13.2,192.168.3.100
66,192.168.3.100,192.168.13.2
558,192.168.13.2,192.168.3.100
66,192.168.3.100,192.168.13.2
1514,192.168.13.2,192.168.3.100
1514,192.168.13.2,192.168.3.100
66,192.168.3.100,192.168.13.2
1514,192.168.13.2,192.168.3.100
1514,192.168.13.2,192.168.3.100
66,192.168.3.100,192.168.13.2
558,192.168.13.2,192.168.3.100
1514,192.168.13.2,192.168.3.100
1514,192.168.13.2,192.168.3.100
66,192.168.3.100,192.168.13.2
855,192.168.13.2,192.168.3.100
1514,192.168.13.2,192.168.3.100
66,192.168.3.100,192.168.13.2
1514,192.168.13.2,192.168.3.100
1514,192.168.13.2,192.168.3.100
66,192.168.3.100,192.168.13.2
1463,192.168.13.2,192.168.3.100
1514,192.168.13.2,192.168.3.100
1514,192.168.13.2,192.168.3.100
66,192.168.3.100,192.168.13.2
1514,192.168.13.2,192.168.3.100
1514,192.168.13.2,192.168.3.100
66,192.168.3.100,192.168.13.2
558,192.168.13.2,192.168.3.100
1514,192.168.13.2,192.168.3.100
1514,192.168.13.2,192.168.3.100
66,192.168.3.100,192.168.13.2
609,192.168.3.100,192.168.13.2
1514,192.168.13.2,192.168.3.100
1514,192.168.13.2,192.168.3.100
66,192.168.3.100,192.168.13.2
1130,192.168.13.2,192.168.3.100
66,192.168.13.2,192.168.3.100
1152,192.168.3.100,192.168.13.2
66,192.168.13.2,192.168.3.100
609,192.168.13.2,192.168.3.100
1514,192.168.13.2,192.168.3.100
66,192.168.3.100,192.168.13.2
761,192.168.13.2,192.168.3.100
66,192.168.3.100,192.168.13.2
609,192.168.3.100,192.168.13.2
609,192.168.13.2,192.168.3.100
66,192.168.3.100,192.168.13.2
609,192.168.13.2,192.168.3.100
66,192.168.3.100,192.168.13.2
609,192.168.3.100,192.168.13.2
609,192.168.13.2,192.168.3.100
1514,192.168.13.2,192.168.3.100
66,192.168.3.100,192.168.13.2
247,192.168.13.2,192.168.3.100
609,192.168.3.100,192.168.13.2
66,192.168.13.2,192.168.3.100
609,192.168.13.2,192.168.3.100
1514,192.168.13.2,192.168.3.100
1514,192.168.13.2,192.168.3.100
1514,192.168.13.2,192.168.3.100
66,192.168.3.100,192.168.13.2
1514,192.168.13.2,192.168.3.100
1130,192.168.13.2,192.168.3.100
66,192.168.3.100,192.168.13.2
1514,192.168.13.2,192.168.3.100
66,192.168.3.100,192.168.13.2
1514,192.168.13.2,192.168.3.100
855,192.168.13.2,192.168.3.100
66,192.168.3.100,192.168.13.2
609,192.168.3.100,192.168.13.2
66,192.168.13.2,192.168.3.100
609,192.168.13.2,192.168.3.100
609,192.168.3.100,192.168.13.2
1152,192.168.13.2,192.168.3.100
1514,192.168.13.2,192.168.3.100
1514,192.168.13.2,192.168.3.100
66,192.168.3.100,192.168.13.2
855,192.168.13.2,192.168.3.100
66,192.168.3.100,192.168.13.2
1152,192.168.13.2,192.168.3.100
609,192.168.3.100,192.168.13.2
609,192.168.13.2,192.168.3.100
66,192.168.3.100,192.168.13.2
609,192.168.13.2,192.168.3.100
66,192.168.3.100,192.168.13.2
609,192.168.3.100,192.168.13.2
66,192.168.13.2,192.168.3.100
